"Index","Entry Date","Entry Time","Exit Date","Exit Time","Type","Strike","B/S","Qty","Entry Price","Exit Price","P/L"
"1","2025-01-01"," 4:00:00 PM","2025-01-01"," 5:09:00 PM","","","","","","","88.85"
"1.1","2025-01-01"," 4:00:00 PM","2025-01-01"," 5:09:00 PM","CE","93600","Sell","0.01","63.52","10.67","45.05"
"1.2","2025-01-01"," 4:00:00 PM","2025-01-01"," 5:09:00 PM","PE","93200","Sell","0.01","56.18","4.50","44.20"
"2","2025-01-02"," 4:00:00 PM","2025-01-02"," 4:55:00 PM","","","","","","","133.19"
"2.1","2025-01-02"," 4:00:00 PM","2025-01-02"," 4:55:00 PM","CE","96800","Sell","0.01","148.08","11.85","115.60"
"2.2","2025-01-02"," 4:00:00 PM","2025-01-02"," 4:55:00 PM","PE","96400","Sell","0.01","69.18","48.72","17.00"
"3","2025-01-03"," 4:00:00 PM","2025-01-03"," 4:53:00 PM","","","","","","","51.73"
"3.1","2025-01-03"," 4:00:00 PM","2025-01-03"," 4:53:00 PM","CE","96600","Sell","0.01","105.07","117.50","-10.20"
"3.2","2025-01-03"," 4:00:00 PM","2025-01-03"," 4:53:00 PM","PE","96400","Sell","0.01","79.69","6.40","62.05"
"4","2025-01-04"," 4:00:00 PM","2025-01-04"," 5:05:00 PM","","","","","","","49.38"
"4.1","2025-01-04"," 4:00:00 PM","2025-01-04"," 5:05:00 PM","CE","98000","Sell","0.01","19.42","2.52","14.45"
"4.2","2025-01-04"," 4:00:00 PM","2025-01-04"," 5:05:00 PM","PE","97600","Sell","0.01","44.79","3.60","34.85"
"5","2025-01-05"," 4:00:00 PM","2025-01-05"," 4:19:00 PM","","","","","","","-14.86"
"5.1","2025-01-05"," 4:00:00 PM","2025-01-05"," 4:19:00 PM","CE","97800","Sell","0.01","23.58","58.95","-29.75"
"5.2","2025-01-05"," 4:00:00 PM","2025-01-05"," 4:19:00 PM","PE","97400","Sell","0.01","22.24","4.35","15.30"
"6","2025-01-06"," 4:00:00 PM","2025-01-06"," 4:55:00 PM","","","","","","","69.73"
"6.1","2025-01-06"," 4:00:00 PM","2025-01-06"," 4:55:00 PM","CE","99200","Sell","0.01","83.12","79.17","3.40"
"6.2","2025-01-06"," 4:00:00 PM","2025-01-06"," 4:55:00 PM","PE","98800","Sell","0.01","84.88","6.80","66.30"
"7","2025-01-07"," 4:00:00 PM","2025-01-07"," 4:41:00 PM","","","","","","","1.73"
"7.1","2025-01-07"," 4:00:00 PM","2025-01-07"," 4:41:00 PM","CE","101800","Sell","0.01","51.77","4.15","40.80"
"7.2","2025-01-07"," 4:00:00 PM","2025-01-07"," 4:41:00 PM","PE","101400","Sell","0.01","95.26","140.85","-39.10"
"8","2025-01-08"," 4:00:00 PM","2025-01-08"," 4:55:00 PM","","","","","","","79.31"
"8.1","2025-01-08"," 4:00:00 PM","2025-01-08"," 4:55:00 PM","CE","96000","Sell","0.01","114.35","9.15","89.25"
"8.2","2025-01-08"," 4:00:00 PM","2025-01-08"," 4:55:00 PM","PE","95600","Sell","0.01","77.95","89.84","-10.20"
"9","2025-01-09"," 4:00:00 PM","2025-01-09"," 4:50:00 PM","","","","","","","58.99"
"9.1","2025-01-09"," 4:00:00 PM","2025-01-09"," 4:50:00 PM","CE","93600","Sell","0.01","90.26","174.09","-71.40"
"9.2","2025-01-09"," 4:00:00 PM","2025-01-09"," 4:50:00 PM","PE","93200","Sell","0.01","166.58","13.35","130.05"
"10","2025-01-10"," 4:00:00 PM","2025-01-10"," 4:27:00 PM","","","","","","","-46.56"
"10.1","2025-01-10"," 4:00:00 PM","2025-01-10"," 4:27:00 PM","CE","95000","Sell","0.01","89.60","224.00","-113.90"
"10.2","2025-01-10"," 4:00:00 PM","2025-01-10"," 4:27:00 PM","PE","94600","Sell","0.01","89.73","10.11","68.00"
"11","2025-01-11"," 4:00:00 PM","2025-01-11"," 4:35:00 PM","","","","","","","3.62"
"11.1","2025-01-11"," 4:00:00 PM","2025-01-11"," 4:35:00 PM","CE","94600","Sell","0.01","22.61","50.16","-23.80"
"11.2","2025-01-11"," 4:00:00 PM","2025-01-11"," 4:35:00 PM","PE","94200","Sell","0.01","34.56","2.75","27.20"
"12","2025-01-12"," 4:00:00 PM","2025-01-12"," 4:38:00 PM","","","","","","","12.67"
"12.1","2025-01-12"," 4:00:00 PM","2025-01-12"," 4:38:00 PM","CE","94200","Sell","0.01","14.53","36.30","-18.70"
"12.2","2025-01-12"," 4:00:00 PM","2025-01-12"," 4:38:00 PM","PE","93800","Sell","0.01","38.86","2.19","31.45"
"13","2025-01-13"," 4:00:00 PM","2025-01-13"," 4:21:00 PM","","","","","","","-102.74"
"13.1","2025-01-13"," 4:00:00 PM","2025-01-13"," 4:21:00 PM","CE","92200","Sell","0.01","148.52","21.47","107.95"
"13.2","2025-01-13"," 4:00:00 PM","2025-01-13"," 4:21:00 PM","PE","91800","Sell","0.01","165.28","413.20","-210.80"
"14","2025-01-14"," 4:00:00 PM","2025-01-14"," 4:46:00 PM","","","","","","","50.06"
"14.1","2025-01-14"," 4:00:00 PM","2025-01-14"," 4:46:00 PM","CE","97000","Sell","0.01","96.57","7.75","75.65"
"14.2","2025-01-14"," 4:00:00 PM","2025-01-14"," 4:46:00 PM","PE","96600","Sell","0.01","121.91","151.84","-25.50"
"15","2025-01-15"," 4:00:00 PM","2025-01-15"," 4:41:00 PM","","","","","","","30.65"
"15.1","2025-01-15"," 4:00:00 PM","2025-01-15"," 4:41:00 PM","CE","97200","Sell","0.01","126.03","10.10","98.60"
"15.2","2025-01-15"," 4:00:00 PM","2025-01-15"," 4:41:00 PM","PE","96800","Sell","0.01","69.15","149.02","-68.00"
"16","2025-01-16"," 4:00:00 PM","2025-01-16"," 4:39:00 PM","","","","","","","-49.50"
"16.1","2025-01-16"," 4:00:00 PM","2025-01-16"," 4:39:00 PM","CE","99600","Sell","0.01","62.58","5.00","49.30"
"16.2","2025-01-16"," 4:00:00 PM","2025-01-16"," 4:39:00 PM","PE","99200","Sell","0.01","96.31","212.13","-98.60"
"17","2025-01-17"," 4:00:00 PM","2025-01-17"," 4:57:00 PM","","","","","","","134.42"
"17.1","2025-01-17"," 4:00:00 PM","2025-01-17"," 4:57:00 PM","CE","102400","Sell","0.01","177.84","147.46","25.50"
"17.2","2025-01-17"," 4:00:00 PM","2025-01-17"," 4:57:00 PM","PE","102000","Sell","0.01","138.86","11.10","108.80"
"18","2025-01-18"," 4:00:00 PM","2025-01-18"," 4:17:00 PM","","","","","","","-66.67"
"18.1","2025-01-18"," 4:00:00 PM","2025-01-18"," 4:17:00 PM","CE","103400","Sell","0.01","73.03","11.24","52.70"
"18.2","2025-01-18"," 4:00:00 PM","2025-01-18"," 4:17:00 PM","PE","103000","Sell","0.01","93.47","233.70","-119.00"
"19","2025-01-19"," 4:00:00 PM","2025-01-19"," 4:11:00 PM","","","","","","","10.23"
"19.1","2025-01-19"," 4:00:00 PM","2025-01-19"," 4:11:00 PM","CE","104800","Sell","0.01","48.57","121.40","-62.05"
"19.2","2025-01-19"," 4:00:00 PM","2025-01-19"," 4:11:00 PM","PE","104400","Sell","0.01","108.42","23.56","72.25"
"20","2025-01-20"," 4:00:00 PM","2025-01-20"," 5:16:00 PM","","","","","","","506.73"
"20.1","2025-01-20"," 4:00:00 PM","2025-01-20"," 5:16:00 PM","CE","108800","Sell","0.01","412.18","32.95","322.15"
"20.2","2025-01-20"," 4:00:00 PM","2025-01-20"," 5:16:00 PM","PE","108400","Sell","0.01","477.46","260.54","184.45"
"21","2025-01-21"," 4:00:00 PM","2025-01-21"," 4:47:00 PM","","","","","","","-9.80"
"21.1","2025-01-21"," 4:00:00 PM","2025-01-21"," 4:47:00 PM","CE","103400","Sell","0.01","214.78","430.51","-183.60"
"21.2","2025-01-21"," 4:00:00 PM","2025-01-21"," 4:47:00 PM","PE","103000","Sell","0.01","221.95","17.75","173.40"
"22","2025-01-22"," 4:00:00 PM","2025-01-22"," 4:48:00 PM","","","","","","","49.43"
"22.1","2025-01-22"," 4:00:00 PM","2025-01-22"," 4:48:00 PM","CE","105200","Sell","0.01","94.00","131.83","-32.30"
"22.2","2025-01-22"," 4:00:00 PM","2025-01-22"," 4:48:00 PM","PE","104800","Sell","0.01","104.33","8.35","81.60"
"23","2025-01-23"," 4:00:00 PM","2025-01-23"," 4:12:00 PM","","","","","","","-136.07"
"23.1","2025-01-23"," 4:00:00 PM","2025-01-23"," 4:12:00 PM","CE","102200","Sell","0.01","126.14","22.40","88.40"
"23.2","2025-01-23"," 4:00:00 PM","2025-01-23"," 4:12:00 PM","PE","101800","Sell","0.01","175.88","439.70","-224.40"
"24","2025-01-24"," 4:00:00 PM","2025-01-24"," 5:12:00 PM","","","","","","","208.18"
"24.1","2025-01-24"," 4:00:00 PM","2025-01-24"," 5:12:00 PM","CE","105400","Sell","0.01","180.44","52.58","108.80"
"24.2","2025-01-24"," 4:00:00 PM","2025-01-24"," 5:12:00 PM","PE","105000","Sell","0.01","127.26","10.20","99.45"
"25","2025-01-25"," 4:00:00 PM","2025-01-25"," 4:18:00 PM","","","","","","","-61.32"
"25.1","2025-01-25"," 4:00:00 PM","2025-01-25"," 4:18:00 PM","CE","104400","Sell","0.01","63.00","157.50","-80.75"
"25.2","2025-01-25"," 4:00:00 PM","2025-01-25"," 4:18:00 PM","PE","104000","Sell","0.01","27.50","5.14","18.70"
"26","2025-01-26"," 4:00:00 PM","2025-01-26"," 4:39:00 PM","","","","","","","-57.44"
"26.1","2025-01-26"," 4:00:00 PM","2025-01-26"," 4:39:00 PM","CE","104800","Sell","0.01","33.85","68.02","-28.90"
"26.2","2025-01-26"," 4:00:00 PM","2025-01-26"," 4:39:00 PM","PE","104400","Sell","0.01","22.29","55.70","-28.05"
"27","2025-01-27"," 4:00:00 PM","2025-01-27"," 5:12:00 PM","","","","","","","445.65"
"27.1","2025-01-27"," 4:00:00 PM","2025-01-27"," 5:12:00 PM","CE","99400","Sell","0.01","292.07","23.35","228.65"
"27.2","2025-01-27"," 4:00:00 PM","2025-01-27"," 5:12:00 PM","PE","99000","Sell","0.01","389.90","134.33","217.60"
"28","2025-01-28"," 4:00:00 PM","2025-01-28"," 4:22:00 PM","","","","","","","-86.73"
"28.1","2025-01-28"," 4:00:00 PM","2025-01-28"," 4:22:00 PM","CE","103200","Sell","0.01","78.85","15.82","53.55"
"28.2","2025-01-28"," 4:00:00 PM","2025-01-28"," 4:22:00 PM","PE","102800","Sell","0.01","110.04","275.10","-140.25"
"29","2025-01-29"," 4:00:00 PM","2025-01-29"," 5:08:00 PM","","","","","","","169.56"
"29.1","2025-01-29"," 4:00:00 PM","2025-01-29"," 5:08:00 PM","CE","102800","Sell","0.01","96.79","7.75","75.65"
"29.2","2025-01-29"," 4:00:00 PM","2025-01-29"," 5:08:00 PM","PE","102400","Sell","0.01","123.49","13.05","93.50"
"30","2025-01-30"," 4:00:00 PM","2025-01-30"," 5:10:00 PM","","","","","","","150.36"
"30.1","2025-01-30"," 4:00:00 PM","2025-01-30"," 5:10:00 PM","CE","105400","Sell","0.01","117.01","9.35","91.80"
"30.2","2025-01-30"," 4:00:00 PM","2025-01-30"," 5:10:00 PM","PE","105000","Sell","0.01","75.53","6.30","58.65"
"31","2025-01-31"," 4:00:00 PM","2025-01-31"," 4:40:00 PM","","","","","","","-8.60"
"31.1","2025-01-31"," 4:00:00 PM","2025-01-31"," 4:40:00 PM","CE","104400","Sell","0.01","78.96","187.16","-91.80"
"31.2","2025-01-31"," 4:00:00 PM","2025-01-31"," 4:40:00 PM","PE","104000","Sell","0.01","106.63","8.55","83.30"
"32","2025-02-01"," 4:00:00 PM","2025-02-01"," 4:22:00 PM","","","","","","","-1.94"
"32.1","2025-02-01"," 4:00:00 PM","2025-02-01"," 4:22:00 PM","CE","102000","Sell","0.01","69.24","18.72","43.35"
"32.2","2025-02-01"," 4:00:00 PM","2025-02-01"," 4:22:00 PM","PE","101600","Sell","0.01","35.20","88.00","-45.05"
"33","2025-02-02"," 4:00:00 PM","2025-02-02"," 4:53:00 PM","","","","","","","93.13"
"33.1","2025-02-02"," 4:00:00 PM","2025-02-02"," 4:53:00 PM","CE","99600","Sell","0.01","111.94","8.95","87.55"
"33.2","2025-02-02"," 4:00:00 PM","2025-02-02"," 4:53:00 PM","PE","99200","Sell","0.01","142.08","135.50","5.95"
"34","2025-02-03"," 4:00:00 PM","2025-02-03"," 4:45:00 PM","","","","","","","12.04"
"34.1","2025-02-03"," 4:00:00 PM","2025-02-03"," 4:45:00 PM","CE","95200","Sell","0.01","264.35","459.20","-165.75"
"34.2","2025-02-03"," 4:00:00 PM","2025-02-03"," 4:45:00 PM","PE","94800","Sell","0.01","227.16","18.15","177.65"
"35","2025-02-04"," 4:00:00 PM","2025-02-04"," 4:39:00 PM","","","","","","","-46.43"
"35.1","2025-02-04"," 4:00:00 PM","2025-02-04"," 4:39:00 PM","CE","99000","Sell","0.01","185.86","450.52","-225.25"
"35.2","2025-02-04"," 4:00:00 PM","2025-02-04"," 4:39:00 PM","PE","98600","Sell","0.01","228.29","18.25","178.50"
"36","2025-02-05"," 4:00:00 PM","2025-02-05"," 4:48:00 PM","","","","","","","80.41"
"36.1","2025-02-05"," 4:00:00 PM","2025-02-05"," 4:48:00 PM","CE","98200","Sell","0.01","60.68","60.34","0.00"
"36.2","2025-02-05"," 4:00:00 PM","2025-02-05"," 4:48:00 PM","PE","97800","Sell","0.01","102.46","8.20","79.90"
"37","2025-02-06"," 4:00:00 PM","2025-02-06"," 4:47:00 PM","","","","","","","80.55"
"37.1","2025-02-06"," 4:00:00 PM","2025-02-06"," 4:47:00 PM","CE","99000","Sell","0.01","130.98","10.50","102.00"
"37.2","2025-02-06"," 4:00:00 PM","2025-02-06"," 4:47:00 PM","PE","98600","Sell","0.01","80.18","105.90","-22.10"
"38","2025-02-07"," 4:00:00 PM","2025-02-07"," 4:46:00 PM","","","","","","","48.31"
"38.1","2025-02-07"," 4:00:00 PM","2025-02-07"," 4:46:00 PM","CE","97600","Sell","0.01","104.05","126.10","-18.70"
"38.2","2025-02-07"," 4:00:00 PM","2025-02-07"," 4:46:00 PM","PE","97200","Sell","0.01","85.73","6.85","67.15"
"39","2025-02-08"," 4:00:00 PM","2025-02-08"," 4:46:00 PM","","","","","","","35.98"
"39.1","2025-02-08"," 4:00:00 PM","2025-02-08"," 4:46:00 PM","CE","96400","Sell","0.01","47.94","3.85","37.40"
"39.2","2025-02-08"," 4:00:00 PM","2025-02-08"," 4:46:00 PM","PE","96000","Sell","0.01","37.89","39.65","-1.70"
"40","2025-02-09"," 4:00:00 PM","2025-02-09"," 4:31:00 PM","","","","","","","-29.93"
"40.1","2025-02-09"," 4:00:00 PM","2025-02-09"," 4:31:00 PM","CE","97000","Sell","0.01","39.96","99.90","-51.00"
"40.2","2025-02-09"," 4:00:00 PM","2025-02-09"," 4:31:00 PM","PE","96600","Sell","0.01","37.82","13.09","21.25"
"41","2025-02-10"," 4:00:00 PM","2025-02-10"," 4:46:00 PM","","","","","","","7.36"
"41.1","2025-02-10"," 4:00:00 PM","2025-02-10"," 4:46:00 PM","CE","98200","Sell","0.01","79.94","6.40","62.90"
"41.2","2025-02-10"," 4:00:00 PM","2025-02-10"," 4:46:00 PM","PE","97800","Sell","0.01","131.73","196.61","-55.25"
"42","2025-02-11"," 4:00:00 PM","2025-02-11"," 4:56:00 PM","","","","","","","95.94"
"42.1","2025-02-11"," 4:00:00 PM","2025-02-11"," 4:56:00 PM","CE","98200","Sell","0.01","50.74","33.21","15.30"
"42.2","2025-02-11"," 4:00:00 PM","2025-02-11"," 4:56:00 PM","PE","97800","Sell","0.01","103.64","8.30","80.75"
"43","2025-02-12"," 4:00:00 PM","2025-02-12"," 4:53:00 PM","","","","","","","48.28"
"43.1","2025-02-12"," 4:00:00 PM","2025-02-12"," 4:53:00 PM","CE","96200","Sell","0.01","106.44","95.34","9.35"
"43.2","2025-02-12"," 4:00:00 PM","2025-02-12"," 4:53:00 PM","PE","95800","Sell","0.01","49.65","3.95","39.10"
"44","2025-02-13"," 4:00:00 PM","2025-02-13"," 5:03:00 PM","","","","","","","13.20"
"44.1","2025-02-13"," 4:00:00 PM","2025-02-13"," 5:03:00 PM","CE","96400","Sell","0.01","87.81","7.00","68.85"
"44.2","2025-02-13"," 4:00:00 PM","2025-02-13"," 5:03:00 PM","PE","96000","Sell","0.01","87.12","152.40","-55.25"
"45","2025-02-14"," 4:00:00 PM","2025-02-14"," 5:00:00 PM","","","","","","","83.64"
"45.1","2025-02-14"," 4:00:00 PM","2025-02-14"," 5:00:00 PM","CE","97200","Sell","0.01","81.83","6.55","63.75"
"45.2","2025-02-14"," 4:00:00 PM","2025-02-14"," 5:00:00 PM","PE","96800","Sell","0.01","78.54","55.42","19.55"
"46","2025-02-15"," 4:00:00 PM","2025-02-15"," 5:06:00 PM","","","","","","","32.95"
"46.1","2025-02-15"," 4:00:00 PM","2025-02-15"," 5:06:00 PM","CE","97800","Sell","0.01","21.42","5.39","13.60"
"46.2","2025-02-15"," 4:00:00 PM","2025-02-15"," 5:06:00 PM","PE","97400","Sell","0.01","24.74","2.00","19.55"
"47","2025-02-16"," 4:00:00 PM","2025-02-16"," 4:40:00 PM","","","","","","","9.91"
"47.1","2025-02-16"," 4:00:00 PM","2025-02-16"," 4:40:00 PM","CE","97400","Sell","0.01","33.97","6.12","23.80"
"47.2","2025-02-16"," 4:00:00 PM","2025-02-16"," 4:40:00 PM","PE","97000","Sell","0.01","10.81","27.00","-13.60"
"48","2025-02-17"," 4:00:00 PM","2025-02-17"," 5:00:00 PM","","","","","","","92.91"
"48.1","2025-02-17"," 4:00:00 PM","2025-02-17"," 5:00:00 PM","CE","96400","Sell","0.01","84.11","6.75","65.45"
"48.2","2025-02-17"," 4:00:00 PM","2025-02-17"," 5:00:00 PM","PE","96000","Sell","0.01","43.30","11.36","27.20"
"49","2025-02-18"," 4:00:00 PM","2025-02-18"," 5:06:00 PM","","","","","","","61.10"
"49.1","2025-02-18"," 4:00:00 PM","2025-02-18"," 5:06:00 PM","CE","96000","Sell","0.01","23.75","1.90","18.70"
"49.2","2025-02-18"," 4:00:00 PM","2025-02-18"," 5:06:00 PM","PE","95600","Sell","0.01","60.79","10.76","42.50"
"50","2025-02-19"," 4:00:00 PM","2025-02-19"," 4:57:00 PM","","","","","","","44.55"
"50.1","2025-02-19"," 4:00:00 PM","2025-02-19"," 4:57:00 PM","CE","96600","Sell","0.01","33.29","2.65","26.35"
"50.2","2025-02-19"," 4:00:00 PM","2025-02-19"," 4:57:00 PM","PE","96200","Sell","0.01","73.87","52.10","18.70"
"51","2025-02-20"," 4:00:00 PM","2025-02-20"," 4:57:00 PM","","","","","","","68.23"
"51.1","2025-02-20"," 4:00:00 PM","2025-02-20"," 4:57:00 PM","CE","97400","Sell","0.01","56.95","16.03","34.85"
"51.2","2025-02-20"," 4:00:00 PM","2025-02-20"," 4:57:00 PM","PE","97000","Sell","0.01","42.75","3.40","33.15"
"52","2025-02-21"," 4:00:00 PM","2025-02-21"," 4:48:00 PM","","","","","","","-2.46"
"52.1","2025-02-21"," 4:00:00 PM","2025-02-21"," 4:48:00 PM","CE","98500","Sell","0.01","101.39","148.96","-40.80"
"52.2","2025-02-21"," 4:00:00 PM","2025-02-21"," 4:48:00 PM","PE","98200","Sell","0.01","48.58","3.90","38.25"
"53","2025-02-22"," 4:00:00 PM","2025-02-22"," 5:04:00 PM","","","","","","","51.34"
"53.1","2025-02-22"," 4:00:00 PM","2025-02-22"," 5:04:00 PM","CE","96800","Sell","0.01","20.89","1.65","16.15"
"53.2","2025-02-22"," 4:00:00 PM","2025-02-22"," 5:04:00 PM","PE","96400","Sell","0.01","55.76","14.60","34.85"
"54","2025-02-23"," 4:00:00 PM","2025-02-23"," 4:06:00 PM","","","","","","","4.12"
"54.1","2025-02-23"," 4:00:00 PM","2025-02-23"," 4:06:00 PM","CE","96400","Sell","0.01","25.51","6.31","16.15"
"54.2","2025-02-23"," 4:00:00 PM","2025-02-23"," 4:06:00 PM","PE","96000","Sell","0.01","9.55","23.90","-11.90"
"55","2025-02-24"," 4:00:00 PM","2025-02-24"," 5:01:00 PM","","","","","","","67.15"
"55.1","2025-02-24"," 4:00:00 PM","2025-02-24"," 5:01:00 PM","CE","95800","Sell","0.01","54.87","44.97","8.50"
"55.2","2025-02-24"," 4:00:00 PM","2025-02-24"," 5:01:00 PM","PE","95400","Sell","0.01","75.10","6.00","58.65"
"56","2025-02-25"," 4:00:00 PM","2025-02-25"," 5:08:00 PM","","","","","","","251.63"
"56.1","2025-02-25"," 4:00:00 PM","2025-02-25"," 5:08:00 PM","CE","88000","Sell","0.01","293.84","282.18","10.20"
"56.2","2025-02-25"," 4:00:00 PM","2025-02-25"," 5:08:00 PM","PE","87600","Sell","0.01","309.13","24.75","241.40"
"57","2025-02-26"," 4:00:00 PM","2025-02-26"," 4:53:00 PM","","","","","","","68.22"
"57.1","2025-02-26"," 4:00:00 PM","2025-02-26"," 4:53:00 PM","CE","89200","Sell","0.01","99.38","80.69","16.15"
"57.2","2025-02-26"," 4:00:00 PM","2025-02-26"," 4:53:00 PM","PE","88800","Sell","0.01","66.92","5.35","52.70"
"58","2025-02-27"," 4:00:00 PM","2025-02-27"," 4:23:00 PM","","","","","","","-64.57"
"58.1","2025-02-27"," 4:00:00 PM","2025-02-27"," 4:23:00 PM","CE","86600","Sell","0.01","113.30","283.25","-144.50"
"58.2","2025-02-27"," 4:00:00 PM","2025-02-27"," 4:23:00 PM","PE","86200","Sell","0.01","106.32","12.33","79.90"
"59","2025-02-28"," 4:00:00 PM","2025-02-28"," 4:56:00 PM","","","","","","","217.79"
"59.1","2025-02-28"," 4:00:00 PM","2025-02-28"," 4:56:00 PM","CE","80200","Sell","0.01","344.01","450.05","-90.10"
"59.2","2025-02-28"," 4:00:00 PM","2025-02-28"," 4:56:00 PM","PE","79800","Sell","0.01","393.76","31.50","307.70"
"60","2025-03-01"," 4:00:00 PM","2025-03-01"," 4:07:00 PM","","","","","","","17.47"
"60.1","2025-03-01"," 4:00:00 PM","2025-03-01"," 4:07:00 PM","CE","85400","Sell","0.01","109.33","39.01","59.50"
"60.2","2025-03-01"," 4:00:00 PM","2025-03-01"," 4:07:00 PM","PE","85000","Sell","0.01","33.18","82.95","-42.50"
"61","2025-03-02"," 4:00:00 PM","2025-03-02"," 4:41:00 PM","","","","","","","3.24"
"61.1","2025-03-02"," 4:00:00 PM","2025-03-02"," 4:41:00 PM","CE","86000","Sell","0.01","60.76","107.71","-39.95"
"61.2","2025-03-02"," 4:00:00 PM","2025-03-02"," 4:41:00 PM","PE","85600","Sell","0.01","55.16","4.40","43.35"
"62","2025-03-03"," 4:00:00 PM","2025-03-03"," 4:33:00 PM","","","","","","","-128.89"
"62.1","2025-03-03"," 4:00:00 PM","2025-03-03"," 4:33:00 PM","CE","92200","Sell","0.01","200.96","502.40","-255.85"
"62.2","2025-03-03"," 4:00:00 PM","2025-03-03"," 4:33:00 PM","PE","91800","Sell","0.01","179.62","29.81","127.50"
"63","2025-03-04"," 4:00:00 PM","2025-03-04"," 4:43:00 PM","","","","","","","-15.15"
"63.1","2025-03-04"," 4:00:00 PM","2025-03-04"," 4:43:00 PM","CE","83800","Sell","0.01","287.36","552.72","-225.25"
"63.2","2025-03-04"," 4:00:00 PM","2025-03-04"," 4:43:00 PM","PE","83400","Sell","0.01","269.04","21.50","210.80"
"64","2025-03-05"," 4:00:00 PM","2025-03-05"," 4:05:00 PM","","","","","","","-130.86"
"64.1","2025-03-05"," 4:00:00 PM","2025-03-05"," 4:05:00 PM","CE","89800","Sell","0.01","222.34","555.85","-283.90"
"64.2","2025-03-05"," 4:00:00 PM","2025-03-05"," 4:05:00 PM","PE","89400","Sell","0.01","221.33","41.77","153.00"
"65","2025-03-06"," 4:00:00 PM","2025-03-06"," 4:07:00 PM","","","","","","","-35.02"
"65.1","2025-03-06"," 4:00:00 PM","2025-03-06"," 4:07:00 PM","CE","91800","Sell","0.01","150.29","44.50","90.10"
"65.2","2025-03-06"," 4:00:00 PM","2025-03-06"," 4:07:00 PM","PE","91400","Sell","0.01","98.01","245.00","-124.95"
"66","2025-03-07"," 4:00:00 PM","2025-03-07"," 4:51:00 PM","","","","","","","95.95"
"66.1","2025-03-07"," 4:00:00 PM","2025-03-07"," 4:51:00 PM","CE","89200","Sell","0.01","193.89","223.95","-25.50"
"66.2","2025-03-07"," 4:00:00 PM","2025-03-07"," 4:51:00 PM","PE","88800","Sell","0.01","155.39","12.45","121.55"
"67","2025-03-08"," 4:00:00 PM","2025-03-08"," 4:41:00 PM","","","","","","","1.76"
"67.1","2025-03-08"," 4:00:00 PM","2025-03-08"," 4:41:00 PM","CE","86400","Sell","0.01","83.09","6.65","64.60"
"67.2","2025-03-08"," 4:00:00 PM","2025-03-08"," 4:41:00 PM","PE","86000","Sell","0.01","75.26","149.63","-62.90"
"68","2025-03-09"," 4:00:00 PM","2025-03-09"," 4:17:00 PM","","","","","","","-24.76"
"68.1","2025-03-09"," 4:00:00 PM","2025-03-09"," 4:17:00 PM","CE","85400","Sell","0.01","68.90","19.60","41.65"
"68.2","2025-03-09"," 4:00:00 PM","2025-03-09"," 4:17:00 PM","PE","85000","Sell","0.01","52.27","130.70","-66.30"
"69","2025-03-10"," 4:00:00 PM","2025-03-10"," 4:31:00 PM","","","","","","","-123.19"
"69.1","2025-03-10"," 4:00:00 PM","2025-03-10"," 4:31:00 PM","CE","82000","Sell","0.01","182.59","456.50","-232.90"
"69.2","2025-03-10"," 4:00:00 PM","2025-03-10"," 4:31:00 PM","PE","81600","Sell","0.01","136.15","7.17","109.65"
"70","2025-03-11"," 4:00:00 PM","2025-03-11"," 5:04:00 PM","","","","","","","190.39"
"70.1","2025-03-11"," 4:00:00 PM","2025-03-11"," 5:04:00 PM","CE","82000","Sell","0.01","141.87","87.61","45.90"
"70.2","2025-03-11"," 4:00:00 PM","2025-03-11"," 5:04:00 PM","PE","81600","Sell","0.01","184.48","14.75","144.50"
"71","2025-03-12"," 4:00:00 PM","2025-03-12"," 4:44:00 PM","","","","","","","25.76"
"71.1","2025-03-12"," 4:00:00 PM","2025-03-12"," 4:44:00 PM","CE","82400","Sell","0.01","172.96","241.87","-58.65"
"71.2","2025-03-12"," 4:00:00 PM","2025-03-12"," 4:44:00 PM","PE","82000","Sell","0.01","107.86","8.65","84.15"
"72","2025-03-13"," 4:00:00 PM","2025-03-13"," 4:45:00 PM","","","","","","","56.52"
"72.1","2025-03-13"," 4:00:00 PM","2025-03-13"," 4:45:00 PM","CE","83400","Sell","0.01","133.69","10.70","104.55"
"72.2","2025-03-13"," 4:00:00 PM","2025-03-13"," 4:45:00 PM","PE","83000","Sell","0.01","73.01","129.51","-47.60"
"73","2025-03-14"," 4:00:00 PM","2025-03-14"," 4:55:00 PM","","","","","","","86.14"
"73.1","2025-03-14"," 4:00:00 PM","2025-03-14"," 4:55:00 PM","CE","83200","Sell","0.01","97.12","88.53","7.65"
"73.2","2025-03-14"," 4:00:00 PM","2025-03-14"," 4:55:00 PM","PE","82800","Sell","0.01","100.80","8.05","79.05"
"74","2025-03-15"," 4:00:00 PM","2025-03-15"," 4:09:00 PM","","","","","","","8.53"
"74.1","2025-03-15"," 4:00:00 PM","2025-03-15"," 4:09:00 PM","CE","84000","Sell","0.01","17.17","42.95","-22.10"
"74.2","2025-03-15"," 4:00:00 PM","2025-03-15"," 4:09:00 PM","PE","83600","Sell","0.01","53.75","17.93","30.60"
"75","2025-03-16"," 4:00:00 PM","2025-03-16"," 4:33:00 PM","","","","","","","-42.03"
"75.1","2025-03-16"," 4:00:00 PM","2025-03-16"," 4:33:00 PM","CE","84000","Sell","0.01","23.33","2.46","17.85"
"75.2","2025-03-16"," 4:00:00 PM","2025-03-16"," 4:33:00 PM","PE","83600","Sell","0.01","46.88","117.20","-59.50"
"76","2025-03-17"," 4:00:00 PM","2025-03-17"," 4:51:00 PM","","","","","","","75.57"
"76.1","2025-03-17"," 4:00:00 PM","2025-03-17"," 4:51:00 PM","CE","83600","Sell","0.01","104.26","71.25","28.05"
"76.2","2025-03-17"," 4:00:00 PM","2025-03-17"," 4:51:00 PM","PE","83200","Sell","0.01","60.75","4.85","47.60"
"77","2025-03-18"," 4:00:00 PM","2025-03-18"," 5:04:00 PM","","","","","","","114.57"
"77.1","2025-03-18"," 4:00:00 PM","2025-03-18"," 5:04:00 PM","CE","83000","Sell","0.01","70.80","5.65","55.25"
"77.2","2025-03-18"," 4:00:00 PM","2025-03-18"," 5:04:00 PM","PE","82600","Sell","0.01","104.25","34.61","59.50"
"78","2025-03-19"," 4:00:00 PM","2025-03-19"," 4:02:00 PM","","","","","","","-19.90"
"78.1","2025-03-19"," 4:00:00 PM","2025-03-19"," 4:02:00 PM","CE","83800","Sell","0.01","41.98","104.95","-53.55"
"78.2","2025-03-19"," 4:00:00 PM","2025-03-19"," 4:02:00 PM","PE","83400","Sell","0.01","68.78","29.22","34.00"
"79","2025-03-20"," 4:00:00 PM","2025-03-20"," 5:04:00 PM","","","","","","","93.77"
"79.1","2025-03-20"," 4:00:00 PM","2025-03-20"," 5:04:00 PM","CE","85400","Sell","0.01","105.26","70.55","29.75"
"79.2","2025-03-20"," 4:00:00 PM","2025-03-20"," 5:04:00 PM","PE","85000","Sell","0.01","82.16","6.55","64.60"
"80","2025-03-21"," 4:00:00 PM","2025-03-21"," 5:03:00 PM","","","","","","","99.56"
"80.1","2025-03-21"," 4:00:00 PM","2025-03-21"," 5:03:00 PM","CE","84200","Sell","0.01","84.93","6.80","66.30"
"80.2","2025-03-21"," 4:00:00 PM","2025-03-21"," 5:03:00 PM","PE","83800","Sell","0.01","46.46","7.46","33.15"
"81","2025-03-22"," 4:00:00 PM","2025-03-22"," 5:02:00 PM","","","","","","","29.57"
"81.1","2025-03-22"," 4:00:00 PM","2025-03-22"," 5:02:00 PM","CE","84600","Sell","0.01","21.92","1.75","17.00"
"81.2","2025-03-22"," 4:00:00 PM","2025-03-22"," 5:02:00 PM","PE","84200","Sell","0.01","19.66","5.04","12.75"
"82","2025-03-23"," 4:00:00 PM","2025-03-23"," 4:14:00 PM","","","","","","","-0.01"
"82.1","2025-03-23"," 4:00:00 PM","2025-03-23"," 4:14:00 PM","CE","84600","Sell","0.01","13.68","34.20","-17.85"
"82.2","2025-03-23"," 4:00:00 PM","2025-03-23"," 4:14:00 PM","PE","84200","Sell","0.01","24.49","3.98","17.85"
"83","2025-03-24"," 4:00:00 PM","2025-03-24"," 4:10:00 PM","","","","","","","-55.79"
"83.1","2025-03-24"," 4:00:00 PM","2025-03-24"," 4:10:00 PM","CE","87600","Sell","0.01","77.29","193.25","-98.60"
"83.2","2025-03-24"," 4:00:00 PM","2025-03-24"," 4:10:00 PM","PE","87200","Sell","0.01","58.98","8.65","42.50"
"84","2025-03-25"," 4:00:00 PM","2025-03-25"," 4:47:00 PM","","","","","","","1.07"
"84.1","2025-03-25"," 4:00:00 PM","2025-03-25"," 4:47:00 PM","CE","87200","Sell","0.01","89.82","125.16","-29.75"
"84.2","2025-03-25"," 4:00:00 PM","2025-03-25"," 4:47:00 PM","PE","86800","Sell","0.01","39.80","3.20","31.45"
"85","2025-03-26"," 4:00:00 PM","2025-03-26"," 5:02:00 PM","","","","","","","61.17"
"85.1","2025-03-26"," 4:00:00 PM","2025-03-26"," 5:02:00 PM","CE","88400","Sell","0.01","37.95","3.05","29.75"
"85.2","2025-03-26"," 4:00:00 PM","2025-03-26"," 5:02:00 PM","PE","88000","Sell","0.01","53.40","16.34","31.45"
"86","2025-03-27"," 4:00:00 PM","2025-03-27"," 4:18:00 PM","","","","","","","-156.52"
"86.1","2025-03-27"," 4:00:00 PM","2025-03-27"," 4:18:00 PM","CE","87800","Sell","0.01","19.53","1.55","15.30"
"86.2","2025-03-27"," 4:00:00 PM","2025-03-27"," 4:18:00 PM","PE","87400","Sell","0.01","58.36","260.48","-171.70"
"87","2025-03-28"," 4:00:00 PM","2025-03-28"," 4:43:00 PM","","","","","","","20.96"
"87.1","2025-03-28"," 4:00:00 PM","2025-03-28"," 4:43:00 PM","CE","85400","Sell","0.01","136.47","10.90","107.10"
"87.2","2025-03-28"," 4:00:00 PM","2025-03-28"," 4:43:00 PM","PE","85000","Sell","0.01","105.47","206.38","-85.85"
"88","2025-03-29"," 4:00:00 PM","2025-03-29"," 4:18:00 PM","","","","","","","-32.06"
"88.1","2025-03-29"," 4:00:00 PM","2025-03-29"," 4:18:00 PM","CE","83600","Sell","0.01","50.58","5.96","38.25"
"88.2","2025-03-29"," 4:00:00 PM","2025-03-29"," 4:18:00 PM","PE","83200","Sell","0.01","54.91","137.25","-69.70"
"89","2025-03-30"," 4:00:00 PM","2025-03-30"," 4:57:00 PM","","","","","","","53.68"
"89.1","2025-03-30"," 4:00:00 PM","2025-03-30"," 4:57:00 PM","CE","83400","Sell","0.01","32.90","2.65","25.50"
"89.2","2025-03-30"," 4:00:00 PM","2025-03-30"," 4:57:00 PM","PE","83000","Sell","0.01","61.82","28.92","28.05"
"90","2025-03-31"," 4:00:00 PM","2025-03-31"," 4:18:00 PM","","","","","","","-34.57"
"90.1","2025-03-31"," 4:00:00 PM","2025-03-31"," 4:18:00 PM","CE","82000","Sell","0.01","95.64","239.10","-121.55"
"90.2","2025-03-31"," 4:00:00 PM","2025-03-31"," 4:18:00 PM","PE","81600","Sell","0.01","124.80","22.01","87.55"
"91","2025-04-01"," 4:00:00 PM","2025-04-01"," 4:04:00 PM","","","","","","","-15.84"
"91.1","2025-04-01"," 4:00:00 PM","2025-04-01"," 4:04:00 PM","CE","84600","Sell","0.01","63.30","16.96","39.10"
"91.2","2025-04-01"," 4:00:00 PM","2025-04-01"," 4:04:00 PM","PE","84200","Sell","0.01","43.32","108.30","-55.25"
"92","2025-04-02"," 4:00:00 PM","2025-04-02"," 4:31:00 PM","","","","","","","32.27"
"92.1","2025-04-02"," 4:00:00 PM","2025-04-02"," 4:31:00 PM","CE","85200","Sell","0.01","91.05","7.30","71.40"
"92.2","2025-04-02"," 4:00:00 PM","2025-04-02"," 4:31:00 PM","PE","84800","Sell","0.01","38.36","84.15","-39.10"
"93","2025-04-03"," 4:00:00 PM","2025-04-03"," 4:51:00 PM","","","","","","","44.17"
"93.1","2025-04-03"," 4:00:00 PM","2025-04-03"," 4:51:00 PM","CE","83600","Sell","0.01","53.42","4.25","41.65"
"93.2","2025-04-03"," 4:00:00 PM","2025-04-03"," 4:51:00 PM","PE","83200","Sell","0.01","106.93","104.14","2.55"
"94","2025-04-04"," 4:00:00 PM","2025-04-04"," 4:22:00 PM","","","","","","","-126.35"
"94.1","2025-04-04"," 4:00:00 PM","2025-04-04"," 4:22:00 PM","CE","83200","Sell","0.01","76.03","19.15","48.45"
"94.2","2025-04-04"," 4:00:00 PM","2025-04-04"," 4:22:00 PM","PE","82800","Sell","0.01","137.02","342.55","-175.10"
"95","2025-04-05"," 4:00:00 PM","2025-04-05"," 4:59:00 PM","","","","","","","48.65"
"95.1","2025-04-05"," 4:00:00 PM","2025-04-05"," 4:59:00 PM","CE","84000","Sell","0.01","29.66","2.35","22.95"
"95.2","2025-04-05"," 4:00:00 PM","2025-04-05"," 4:59:00 PM","PE","83600","Sell","0.01","62.18","32.25","25.50"
"96","2025-04-06"," 4:00:00 PM","2025-04-06"," 4:49:00 PM","","","","","","","42.77"
"96.1","2025-04-06"," 4:00:00 PM","2025-04-06"," 4:49:00 PM","CE","83000","Sell","0.01","56.58","4.55","44.20"
"96.2","2025-04-06"," 4:00:00 PM","2025-04-06"," 4:49:00 PM","PE","82600","Sell","0.01","52.11","53.82","-1.70"
"97","2025-04-07"," 4:00:00 PM","2025-04-07"," 4:58:00 PM","","","","","","","234.18"
"97.1","2025-04-07"," 4:00:00 PM","2025-04-07"," 4:58:00 PM","CE","77400","Sell","0.01","220.10","17.60","171.70"
"97.2","2025-04-07"," 4:00:00 PM","2025-04-07"," 4:58:00 PM","PE","77000","Sell","0.01","206.58","133.57","62.05"
"98","2025-04-08"," 4:00:00 PM","2025-04-08"," 4:44:00 PM","","","","","","","95.06"
"98.1","2025-04-08"," 4:00:00 PM","2025-04-08"," 4:44:00 PM","CE","79200","Sell","0.01","95.82","78.82","14.45"
"98.2","2025-04-08"," 4:00:00 PM","2025-04-08"," 4:44:00 PM","PE","78800","Sell","0.01","103.08","8.25","80.75"
"99","2025-04-09"," 4:00:00 PM","2025-04-09"," 4:32:00 PM","","","","","","","-261.34"
"99.1","2025-04-09"," 4:00:00 PM","2025-04-09"," 4:32:00 PM","CE","77400","Sell","0.01","139.79","11.20","109.65"
"99.2","2025-04-09"," 4:00:00 PM","2025-04-09"," 4:32:00 PM","PE","77000","Sell","0.01","119.19","555.24","-370.60"
"100","2025-04-10"," 4:00:00 PM","2025-04-10"," 4:49:00 PM","","","","","","","46.32"
"100.1","2025-04-10"," 4:00:00 PM","2025-04-10"," 4:49:00 PM","CE","82000","Sell","0.01","93.81","7.50","73.10"
"100.2","2025-04-10"," 4:00:00 PM","2025-04-10"," 4:49:00 PM","PE","81600","Sell","0.01","137.20","169.02","-27.20"
"101","2025-04-11"," 4:00:00 PM","2025-04-11"," 4:55:00 PM","","","","","","","111.06"
"101.1","2025-04-11"," 4:00:00 PM","2025-04-11"," 4:55:00 PM","CE","83000","Sell","0.01","149.76","12.00","117.30"
"101.2","2025-04-11"," 4:00:00 PM","2025-04-11"," 4:55:00 PM","PE","82600","Sell","0.01","192.89","199.99","-5.95"
"102","2025-04-12"," 4:00:00 PM","2025-04-12"," 4:50:00 PM","","","","","","","-2.34"
"102.1","2025-04-12"," 4:00:00 PM","2025-04-12"," 4:50:00 PM","CE","83600","Sell","0.01","62.84","87.23","-20.40"
"102.2","2025-04-12"," 4:00:00 PM","2025-04-12"," 4:50:00 PM","PE","83200","Sell","0.01","23.54","1.90","18.70"
"103","2025-04-13"," 4:00:00 PM","2025-04-13"," 4:47:00 PM","","","","","","","23.77"
"103.1","2025-04-13"," 4:00:00 PM","2025-04-13"," 4:47:00 PM","CE","84800","Sell","0.01","32.66","2.60","25.50"
"103.2","2025-04-13"," 4:00:00 PM","2025-04-13"," 4:47:00 PM","PE","84400","Sell","0.01","50.59","52.68","-1.70"
"104","2025-04-14"," 4:00:00 PM","2025-04-14"," 4:49:00 PM","","","","","","","71.54"
"104.1","2025-04-14"," 4:00:00 PM","2025-04-14"," 4:49:00 PM","CE","84800","Sell","0.01","114.22","115.40","-0.85"
"104.2","2025-04-14"," 4:00:00 PM","2025-04-14"," 4:49:00 PM","PE","84400","Sell","0.01","92.74","7.40","72.25"
"105","2025-04-15"," 4:00:00 PM","2025-04-15"," 4:16:00 PM","","","","","","","-59.23"
"105.1","2025-04-15"," 4:00:00 PM","2025-04-15"," 4:16:00 PM","CE","86000","Sell","0.01","64.75","16.95","40.80"
"105.2","2025-04-15"," 4:00:00 PM","2025-04-15"," 4:16:00 PM","PE","85600","Sell","0.01","78.32","195.80","-99.45"
"106","2025-04-16"," 4:00:00 PM","2025-04-16"," 4:50:00 PM","","","","","","","65.95"
"106.1","2025-04-16"," 4:00:00 PM","2025-04-16"," 4:50:00 PM","CE","84200","Sell","0.01","32.18","30.18","1.70"
"106.2","2025-04-16"," 4:00:00 PM","2025-04-16"," 4:50:00 PM","PE","83800","Sell","0.01","82.14","6.55","64.60"
"107","2025-04-17"," 4:00:00 PM","2025-04-17"," 5:00:00 PM","","","","","","","69.22"
"107.1","2025-04-17"," 4:00:00 PM","2025-04-17"," 5:00:00 PM","CE","84600","Sell","0.01","34.04","9.08","21.25"
"107.2","2025-04-17"," 4:00:00 PM","2025-04-17"," 5:00:00 PM","PE","84200","Sell","0.01","61.37","4.90","47.60"
"108","2025-04-18"," 4:00:00 PM","2025-04-18"," 4:54:00 PM","","","","","","","44.32"
"108.1","2025-04-18"," 4:00:00 PM","2025-04-18"," 4:54:00 PM","CE","84800","Sell","0.01","35.22","2.80","27.20"
"108.2","2025-04-18"," 4:00:00 PM","2025-04-18"," 4:54:00 PM","PE","84500","Sell","0.01","47.80","28.08","17.00"
"109","2025-04-19"," 4:00:00 PM","2025-04-19"," 4:58:00 PM","","","","","","","37.30"
"109.1","2025-04-19"," 4:00:00 PM","2025-04-19"," 4:58:00 PM","CE","85400","Sell","0.01","30.05","2.40","23.80"
"109.2","2025-04-19"," 4:00:00 PM","2025-04-19"," 4:58:00 PM","PE","85000","Sell","0.01","23.05","6.82","13.60"
"110","2025-04-20"," 4:00:00 PM","2025-04-20"," 4:14:00 PM","","","","","","","-28.96"
"110.1","2025-04-20"," 4:00:00 PM","2025-04-20"," 4:14:00 PM","CE","84600","Sell","0.01","12.99","11.85","0.85"
"110.2","2025-04-20"," 4:00:00 PM","2025-04-20"," 4:14:00 PM","PE","84200","Sell","0.01","23.49","58.70","-29.75"
"111","2025-04-21"," 4:00:00 PM","2025-04-21"," 4:47:00 PM","","","","","","","56.78"
"111.1","2025-04-21"," 4:00:00 PM","2025-04-21"," 4:47:00 PM","CE","87400","Sell","0.01","158.07","12.65","123.25"
"111.2","2025-04-21"," 4:00:00 PM","2025-04-21"," 4:47:00 PM","PE","87000","Sell","0.01","88.75","167.37","-67.15"
"112","2025-04-22"," 4:00:00 PM","2025-04-22"," 4:13:00 PM","","","","","","","-6.52"
"112.1","2025-04-22"," 4:00:00 PM","2025-04-22"," 4:13:00 PM","CE","88600","Sell","0.01","43.09","107.70","-55.25"
"112.2","2025-04-22"," 4:00:00 PM","2025-04-22"," 4:13:00 PM","PE","88200","Sell","0.01","76.71","19.77","48.45"
"113","2025-04-23"," 4:00:00 PM","2025-04-23"," 4:53:00 PM","","","","","","","92.28"
"113.1","2025-04-23"," 4:00:00 PM","2025-04-23"," 4:53:00 PM","CE","93800","Sell","0.01","106.98","75.48","27.20"
"113.2","2025-04-23"," 4:00:00 PM","2025-04-23"," 4:53:00 PM","PE","93400","Sell","0.01","83.76","6.70","65.45"
"114","2025-04-24"," 4:00:00 PM","2025-04-24"," 4:44:00 PM","","","","","","","-8.05"
"114.1","2025-04-24"," 4:00:00 PM","2025-04-24"," 4:44:00 PM","CE","92800","Sell","0.01","55.39","4.45","43.35"
"114.2","2025-04-24"," 4:00:00 PM","2025-04-24"," 4:44:00 PM","PE","92400","Sell","0.01","84.09","144.50","-51.00"
"115","2025-04-25"," 4:00:00 PM","2025-04-25"," 4:45:00 PM","","","","","","","-85.28"
"115.1","2025-04-25"," 4:00:00 PM","2025-04-25"," 4:45:00 PM","CE","93800","Sell","0.01","97.05","237.85","-119.85"
"115.2","2025-04-25"," 4:00:00 PM","2025-04-25"," 4:45:00 PM","PE","93400","Sell","0.01","43.97","3.50","34.00"
"116","2025-04-26"," 4:00:00 PM","2025-04-26"," 4:57:00 PM","","","","","","","62.28"
"116.1","2025-04-26"," 4:00:00 PM","2025-04-26"," 4:57:00 PM","CE","94400","Sell","0.01","65.42","5.25","51.00"
"116.2","2025-04-26"," 4:00:00 PM","2025-04-26"," 4:57:00 PM","PE","94000","Sell","0.01","34.35","21.25","11.05"
"117","2025-04-27"," 4:00:00 PM","2025-04-27"," 4:53:00 PM","","","","","","","33.27"
"117.1","2025-04-27"," 4:00:00 PM","2025-04-27"," 4:53:00 PM","CE","94200","Sell","0.01","28.93","2.30","22.95"
"117.2","2025-04-27"," 4:00:00 PM","2025-04-27"," 4:53:00 PM","PE","93800","Sell","0.01","25.56","13.05","11.05"
"118","2025-04-28"," 4:00:00 PM","2025-04-28"," 4:05:00 PM","","","","","","","-60.14"
"118.1","2025-04-28"," 4:00:00 PM","2025-04-28"," 4:05:00 PM","CE","94800","Sell","0.01","81.81","204.50","-104.55"
"118.2","2025-04-28"," 4:00:00 PM","2025-04-28"," 4:05:00 PM","PE","94400","Sell","0.01","63.92","11.98","44.20"
"119","2025-04-29"," 4:00:00 PM","2025-04-29"," 4:44:00 PM","","","","","","","28.01"
"119.1","2025-04-29"," 4:00:00 PM","2025-04-29"," 4:44:00 PM","CE","95200","Sell","0.01","38.72","66.65","-23.80"
"119.2","2025-04-29"," 4:00:00 PM","2025-04-29"," 4:44:00 PM","PE","94800","Sell","0.01","66.18","5.30","51.85"
"120","2025-04-30"," 4:00:00 PM","2025-04-30"," 4:57:00 PM","","","","","","","79.45"
"120.1","2025-04-30"," 4:00:00 PM","2025-04-30"," 4:57:00 PM","CE","95200","Sell","0.01","44.22","19.78","20.40"
"120.2","2025-04-30"," 4:00:00 PM","2025-04-30"," 4:57:00 PM","PE","94800","Sell","0.01","75.03","6.00","58.65"
"121","2025-05-01"," 4:00:00 PM","2025-05-01"," 4:48:00 PM","","","","","","","35.45"
"121.1","2025-05-01"," 4:00:00 PM","2025-05-01"," 4:48:00 PM","CE","96600","Sell","0.01","106.75","8.55","83.30"
"121.2","2025-05-01"," 4:00:00 PM","2025-05-01"," 4:48:00 PM","PE","96200","Sell","0.01","147.25","203.75","-48.45"
"122","2025-05-02"," 4:00:00 PM","2025-05-02"," 4:47:00 PM","","","","","","","10.00"
"122.1","2025-05-02"," 4:00:00 PM","2025-05-02"," 4:47:00 PM","CE","97000","Sell","0.01","73.41","92.03","-16.15"
"122.2","2025-05-02"," 4:00:00 PM","2025-05-02"," 4:47:00 PM","PE","96600","Sell","0.01","33.03","2.65","25.50"
"123","2025-05-03"," 4:00:00 PM","2025-05-03"," 4:13:00 PM","","","","","","","-42.29"
"123.1","2025-05-03"," 4:00:00 PM","2025-05-03"," 4:13:00 PM","CE","96400","Sell","0.01","18.79","3.07","13.60"
"123.2","2025-05-03"," 4:00:00 PM","2025-05-03"," 4:13:00 PM","PE","96000","Sell","0.01","43.63","109.10","-55.25"
"124","2025-05-04"," 4:00:00 PM","2025-05-04"," 4:54:00 PM","","","","","","","35.53"
"124.1","2025-05-04"," 4:00:00 PM","2025-05-04"," 4:54:00 PM","CE","95600","Sell","0.01","44.49","32.53","10.20"
"124.2","2025-05-04"," 4:00:00 PM","2025-05-04"," 4:54:00 PM","PE","95200","Sell","0.01","32.44","2.60","25.50"
"125","2025-05-05"," 4:00:00 PM","2025-05-05"," 4:18:00 PM","","","","","","","-49.33"
"125.1","2025-05-05"," 4:00:00 PM","2025-05-05"," 4:18:00 PM","CE","94600","Sell","0.01","42.19","8.88","28.05"
"125.2","2025-05-05"," 4:00:00 PM","2025-05-05"," 4:18:00 PM","PE","94200","Sell","0.01","60.90","152.25","-77.35"
"126","2025-05-06"," 4:00:00 PM","2025-05-06"," 4:16:00 PM","","","","","","","-16.85"
"126.1","2025-05-06"," 4:00:00 PM","2025-05-06"," 4:16:00 PM","CE","94400","Sell","0.01","33.76","4.75","24.65"
"126.2","2025-05-06"," 4:00:00 PM","2025-05-06"," 4:16:00 PM","PE","94000","Sell","0.01","32.57","81.40","-41.65"
"127","2025-05-07"," 4:00:00 PM","2025-05-07"," 4:20:00 PM","","","","","","","-68.38"
"127.1","2025-05-07"," 4:00:00 PM","2025-05-07"," 4:20:00 PM","CE","97000","Sell","0.01","74.67","186.70","-95.20"
"127.2","2025-05-07"," 4:00:00 PM","2025-05-07"," 4:20:00 PM","PE","96600","Sell","0.01","39.79","8.21","27.20"
"128","2025-05-08"," 4:00:00 PM","2025-05-08"," 4:51:00 PM","","","","","","","61.55"
"128.1","2025-05-08"," 4:00:00 PM","2025-05-08"," 4:51:00 PM","CE","100000","Sell","0.01","103.40","8.25","80.75"
"128.2","2025-05-08"," 4:00:00 PM","2025-05-08"," 4:51:00 PM","PE","99600","Sell","0.01","114.30","137.04","-19.55"
"129","2025-05-09"," 4:00:00 PM","2025-05-09"," 4:26:00 PM","","","","","","","-109.00"
"129.1","2025-05-09"," 4:00:00 PM","2025-05-09"," 4:26:00 PM","CE","103200","Sell","0.01","117.16","292.90","-149.60"
"129.2","2025-05-09"," 4:00:00 PM","2025-05-09"," 4:26:00 PM","PE","102800","Sell","0.01","55.05","7.55","40.80"
"130","2025-05-10"," 4:00:00 PM","2025-05-10"," 4:47:00 PM","","","","","","","6.73"
"130.1","2025-05-10"," 4:00:00 PM","2025-05-10"," 4:47:00 PM","CE","104000","Sell","0.01","57.96","4.65","45.05"
"130.2","2025-05-10"," 4:00:00 PM","2025-05-10"," 4:47:00 PM","PE","103600","Sell","0.01","65.37","110.76","-38.25"
"131","2025-05-11"," 4:00:00 PM","2025-05-11"," 5:01:00 PM","","","","","","","81.52"
"131.1","2025-05-11"," 4:00:00 PM","2025-05-11"," 5:01:00 PM","CE","104600","Sell","0.01","90.48","26.68","54.40"
"131.2","2025-05-11"," 4:00:00 PM","2025-05-11"," 5:01:00 PM","PE","104200","Sell","0.01","34.91","2.80","27.20"
"132","2025-05-12"," 4:00:00 PM","2025-05-12"," 4:58:00 PM","","","","","","","112.80"
"132.1","2025-05-12"," 4:00:00 PM","2025-05-12"," 4:58:00 PM","CE","104600","Sell","0.01","65.97","29.18","31.45"
"132.2","2025-05-12"," 4:00:00 PM","2025-05-12"," 4:58:00 PM","PE","104200","Sell","0.01","104.27","8.35","81.60"
"133","2025-05-13"," 4:00:00 PM","2025-05-13"," 4:52:00 PM","","","","","","","52.68"
"133.1","2025-05-13"," 4:00:00 PM","2025-05-13"," 4:52:00 PM","CE","103600","Sell","0.01","99.94","76.62","19.55"
"133.2","2025-05-13"," 4:00:00 PM","2025-05-13"," 4:52:00 PM","PE","103200","Sell","0.01","42.01","3.35","33.15"
"134","2025-05-14"," 4:00:00 PM","2025-05-14"," 4:54:00 PM","","","","","","","53.46"
"134.1","2025-05-14"," 4:00:00 PM","2025-05-14"," 4:54:00 PM","CE","104000","Sell","0.01","71.16","56.28","12.75"
"134.2","2025-05-14"," 4:00:00 PM","2025-05-14"," 4:54:00 PM","PE","103600","Sell","0.01","52.16","4.15","40.80"
"135","2025-05-15"," 4:00:00 PM","2025-05-15"," 4:50:00 PM","","","","","","","40.94"
"135.1","2025-05-15"," 4:00:00 PM","2025-05-15"," 4:50:00 PM","CE","102200","Sell","0.01","61.54","139.05","-66.30"
"135.2","2025-05-15"," 4:00:00 PM","2025-05-15"," 4:50:00 PM","PE","101800","Sell","0.01","136.62","10.95","107.10"
"136","2025-05-16"," 4:00:00 PM","2025-05-16"," 4:52:00 PM","","","","","","","54.89"
"136.1","2025-05-16"," 4:00:00 PM","2025-05-16"," 4:52:00 PM","CE","104000","Sell","0.01","30.02","30.47","0.00"
"136.2","2025-05-16"," 4:00:00 PM","2025-05-16"," 4:52:00 PM","PE","103600","Sell","0.01","70.68","5.65","55.25"
"137","2025-05-17"," 4:00:00 PM","2025-05-17"," 4:40:00 PM","","","","","","","-22.84"
"137.1","2025-05-17"," 4:00:00 PM","2025-05-17"," 4:40:00 PM","CE","103200","Sell","0.01","31.59","4.37","22.95"
"137.2","2025-05-17"," 4:00:00 PM","2025-05-17"," 4:40:00 PM","PE","102800","Sell","0.01","36.06","90.15","-45.90"
"138","2025-05-18"," 4:00:00 PM","2025-05-18"," 4:51:00 PM","","","","","","","49.06"
"138.1","2025-05-18"," 4:00:00 PM","2025-05-18"," 4:51:00 PM","CE","104000","Sell","0.01","51.89","35.28","14.45"
"138.2","2025-05-18"," 4:00:00 PM","2025-05-18"," 4:51:00 PM","PE","103600","Sell","0.01","44.71","3.60","34.85"
"139","2025-05-19"," 4:00:00 PM","2025-05-19"," 5:01:00 PM","","","","","","","191.80"
"139.1","2025-05-19"," 4:00:00 PM","2025-05-19"," 5:01:00 PM","CE","103200","Sell","0.01","142.90","24.03","101.15"
"139.2","2025-05-19"," 4:00:00 PM","2025-05-19"," 5:01:00 PM","PE","102800","Sell","0.01","116.08","9.30","90.95"
"140","2025-05-20"," 4:00:00 PM","2025-05-20"," 4:44:00 PM","","","","","","","35.18"
"140.1","2025-05-20"," 4:00:00 PM","2025-05-20"," 4:44:00 PM","CE","105400","Sell","0.01","93.28","7.45","73.10"
"140.2","2025-05-20"," 4:00:00 PM","2025-05-20"," 4:44:00 PM","PE","105000","Sell","0.01","63.22","107.66","-37.40"
"141","2025-05-21"," 4:00:00 PM","2025-05-21"," 4:45:00 PM","","","","","","","25.41"
"141.1","2025-05-21"," 4:00:00 PM","2025-05-21"," 4:45:00 PM","CE","106400","Sell","0.01","114.23","151.62","-31.45"
"141.2","2025-05-21"," 4:00:00 PM","2025-05-21"," 4:45:00 PM","PE","106000","Sell","0.01","73.13","5.85","56.95"
"142","2025-05-22"," 4:00:00 PM","2025-05-22"," 4:55:00 PM","","","","","","","182.91"
"142.1","2025-05-22"," 4:00:00 PM","2025-05-22"," 4:55:00 PM","CE","111000","Sell","0.01","191.71","15.35","149.60"
"142.2","2025-05-22"," 4:00:00 PM","2025-05-22"," 4:55:00 PM","PE","110600","Sell","0.01","118.94","80.11","33.15"
"143","2025-05-23"," 4:00:00 PM","2025-05-23"," 4:50:00 PM","","","","","","","59.47"
"143.1","2025-05-23"," 4:00:00 PM","2025-05-23"," 4:50:00 PM","CE","111200","Sell","0.01","66.74","5.35","51.85"
"143.2","2025-05-23"," 4:00:00 PM","2025-05-23"," 4:50:00 PM","PE","110800","Sell","0.01","71.60","63.02","7.65"
"144","2025-05-24"," 4:00:00 PM","2025-05-24"," 4:07:00 PM","","","","","","","-47.45"
"144.1","2025-05-24"," 4:00:00 PM","2025-05-24"," 4:07:00 PM","CE","108600","Sell","0.01","77.01","192.50","-97.75"
"144.2","2025-05-24"," 4:00:00 PM","2025-05-24"," 4:07:00 PM","PE","108200","Sell","0.01","79.28","19.61","51.00"
"145","2025-05-25"," 4:00:00 PM","2025-05-25"," 4:28:00 PM","","","","","","","6.86"
"145.1","2025-05-25"," 4:00:00 PM","2025-05-25"," 4:28:00 PM","CE","107200","Sell","0.01","100.67","19.59","68.85"
"145.2","2025-05-25"," 4:00:00 PM","2025-05-25"," 4:28:00 PM","PE","106800","Sell","0.01","48.69","121.70","-62.05"
"146","2025-05-26"," 4:00:00 PM","2025-05-26"," 4:55:00 PM","","","","","","","106.71"
"146.1","2025-05-26"," 4:00:00 PM","2025-05-26"," 4:55:00 PM","CE","110000","Sell","0.01","101.10","8.10","79.05"
"146.2","2025-05-26"," 4:00:00 PM","2025-05-26"," 4:55:00 PM","PE","109600","Sell","0.01","87.21","54.67","28.05"
"147","2025-05-27"," 4:00:00 PM","2025-05-27"," 4:47:00 PM","","","","","","","22.59"
"147.1","2025-05-27"," 4:00:00 PM","2025-05-27"," 4:47:00 PM","CE","110000","Sell","0.01","68.82","5.50","53.55"
"147.2","2025-05-27"," 4:00:00 PM","2025-05-27"," 4:47:00 PM","PE","109600","Sell","0.01","73.74","110.48","-31.45"
"148","2025-05-28"," 4:00:00 PM","2025-05-28"," 4:21:00 PM","","","","","","","-63.24"
"148.1","2025-05-28"," 4:00:00 PM","2025-05-28"," 4:21:00 PM","CE","108800","Sell","0.01","84.58","211.45","-107.95"
"148.2","2025-05-28"," 4:00:00 PM","2025-05-28"," 4:21:00 PM","PE","108400","Sell","0.01","60.30","7.83","44.20"
"149","2025-05-29"," 4:00:00 PM","2025-05-29"," 4:22:00 PM","","","","","","","-62.87"
"149.1","2025-05-29"," 4:00:00 PM","2025-05-29"," 4:22:00 PM","CE","108600","Sell","0.01","85.59","214.00","-108.80"
"149.2","2025-05-29"," 4:00:00 PM","2025-05-29"," 4:22:00 PM","PE","108200","Sell","0.01","66.02","11.58","45.90"
"150","2025-05-30"," 4:00:00 PM","2025-05-30"," 4:49:00 PM","","","","","","","81.99"
"150.1","2025-05-30"," 4:00:00 PM","2025-05-30"," 4:49:00 PM","CE","106000","Sell","0.01","60.06","73.20","-11.05"
"150.2","2025-05-30"," 4:00:00 PM","2025-05-30"," 4:49:00 PM","PE","105600","Sell","0.01","119.15","9.55","93.50"
"151","2025-05-31"," 4:00:00 PM","2025-05-31"," 4:52:00 PM","","","","","","","63.39"
"151.1","2025-05-31"," 4:00:00 PM","2025-05-31"," 4:52:00 PM","CE","103600","Sell","0.01","56.72","37.37","16.15"
"151.2","2025-05-31"," 4:00:00 PM","2025-05-31"," 4:52:00 PM","PE","103200","Sell","0.01","60.03","4.80","46.75"
"152","2025-06-01"," 4:00:00 PM","2025-06-01"," 4:58:00 PM","","","","","","","90.59"
"152.1","2025-06-01"," 4:00:00 PM","2025-06-01"," 4:58:00 PM","CE","104200","Sell","0.01","38.55","13.95","21.25"
"152.2","2025-06-01"," 4:00:00 PM","2025-06-01"," 4:58:00 PM","PE","103800","Sell","0.01","89.13","7.15","69.70"
"153","2025-06-02"," 4:00:00 PM","2025-06-02"," 4:55:00 PM","","","","","","","105.20"
"153.1","2025-06-02"," 4:00:00 PM","2025-06-02"," 4:55:00 PM","CE","104600","Sell","0.01","85.86","6.85","67.15"
"153.2","2025-06-02"," 4:00:00 PM","2025-06-02"," 4:55:00 PM","PE","104200","Sell","0.01","106.93","62.17","38.25"
"154","2025-06-03"," 4:00:00 PM","2025-06-03"," 5:01:00 PM","","","","","","","96.92"
"154.1","2025-06-03"," 4:00:00 PM","2025-06-03"," 5:01:00 PM","CE","105400","Sell","0.01","84.63","6.75","66.30"
"154.2","2025-06-03"," 4:00:00 PM","2025-06-03"," 5:01:00 PM","PE","105000","Sell","0.01","44.68","8.54","30.60"
"155","2025-06-04"," 4:00:00 PM","2025-06-04"," 4:50:00 PM","","","","","","","12.92"
"155.1","2025-06-04"," 4:00:00 PM","2025-06-04"," 4:50:00 PM","CE","106000","Sell","0.01","46.93","3.75","36.55"
"155.2","2025-06-04"," 4:00:00 PM","2025-06-04"," 4:50:00 PM","PE","105600","Sell","0.01","81.94","109.92","-23.80"
"156","2025-06-05"," 4:00:00 PM","2025-06-05"," 4:54:00 PM","","","","","","","41.15"
"156.1","2025-06-05"," 4:00:00 PM","2025-06-05"," 4:54:00 PM","CE","104800","Sell","0.01","76.92","53.71","19.55"
"156.2","2025-06-05"," 4:00:00 PM","2025-06-05"," 4:54:00 PM","PE","104400","Sell","0.01","27.40","2.20","21.25"
"157","2025-06-06"," 4:00:00 PM","2025-06-06"," 4:51:00 PM","","","","","","","75.70"
"157.1","2025-06-06"," 4:00:00 PM","2025-06-06"," 4:51:00 PM","CE","104000","Sell","0.01","47.10","50.24","-2.55"
"157.2","2025-06-06"," 4:00:00 PM","2025-06-06"," 4:51:00 PM","PE","103600","Sell","0.01","100.20","8.00","78.20"
"158","2025-06-07"," 4:00:00 PM","2025-06-07"," 4:21:00 PM","","","","","","","-35.62"
"158.1","2025-06-07"," 4:00:00 PM","2025-06-07"," 4:21:00 PM","CE","105400","Sell","0.01","27.88","5.56","18.70"
"158.2","2025-06-07"," 4:00:00 PM","2025-06-07"," 4:21:00 PM","PE","105000","Sell","0.01","42.82","107.05","-54.40"
"159","2025-06-08"," 4:00:00 PM","2025-06-08"," 4:09:00 PM","","","","","","","-43.15"
"159.1","2025-06-08"," 4:00:00 PM","2025-06-08"," 4:09:00 PM","CE","105200","Sell","0.01","56.55","141.40","-72.25"
"159.2","2025-06-08"," 4:00:00 PM","2025-06-08"," 4:09:00 PM","PE","104800","Sell","0.01","39.37","5.28","28.90"
"160","2025-06-09"," 4:00:00 PM","2025-06-09"," 4:42:00 PM","","","","","","","-4.73"
"160.1","2025-06-09"," 4:00:00 PM","2025-06-09"," 4:42:00 PM","CE","107200","Sell","0.01","141.04","212.21","-60.35"
"160.2","2025-06-09"," 4:00:00 PM","2025-06-09"," 4:42:00 PM","PE","106800","Sell","0.01","71.30","5.70","56.10"
"161","2025-06-10"," 4:00:00 PM","2025-06-10"," 4:47:00 PM","","","","","","","21.93"
"161.1","2025-06-10"," 4:00:00 PM","2025-06-10"," 4:47:00 PM","CE","109600","Sell","0.01","81.46","120.39","-33.15"
"161.2","2025-06-10"," 4:00:00 PM","2025-06-10"," 4:47:00 PM","PE","109200","Sell","0.01","70.38","5.65","55.25"
"162","2025-06-11"," 4:00:00 PM","2025-06-11"," 4:56:00 PM","","","","","","","82.69"
"162.1","2025-06-11"," 4:00:00 PM","2025-06-11"," 4:56:00 PM","CE","109600","Sell","0.01","48.21","3.85","37.40"
"162.2","2025-06-11"," 4:00:00 PM","2025-06-11"," 4:56:00 PM","PE","109200","Sell","0.01","103.55","50.63","45.05"
"163","2025-06-12"," 4:00:00 PM","2025-06-12"," 4:58:00 PM","","","","","","","118.20"
"163.1","2025-06-12"," 4:00:00 PM","2025-06-12"," 4:58:00 PM","CE","107400","Sell","0.01","127.57","10.20","99.45"
"163.2","2025-06-12"," 4:00:00 PM","2025-06-12"," 4:58:00 PM","PE","107000","Sell","0.01","76.54","54.85","18.70"
"164","2025-06-13"," 4:00:00 PM","2025-06-13"," 5:05:00 PM","","","","","","","220.03"
"164.1","2025-06-13"," 4:00:00 PM","2025-06-13"," 5:05:00 PM","CE","104800","Sell","0.01","164.72","58.58","90.10"
"164.2","2025-06-13"," 4:00:00 PM","2025-06-13"," 5:05:00 PM","PE","104500","Sell","0.01","166.02","13.30","130.05"
"165","2025-06-14"," 4:00:00 PM","2025-06-14"," 4:59:00 PM","","","","","","","73.08"
"165.1","2025-06-14"," 4:00:00 PM","2025-06-14"," 4:59:00 PM","CE","105200","Sell","0.01","43.88","3.76","34.00"
"165.2","2025-06-14"," 4:00:00 PM","2025-06-14"," 4:59:00 PM","PE","104800","Sell","0.01","49.86","4.00","39.10"
"166","2025-06-15"," 4:00:00 PM","2025-06-15"," 5:00:00 PM","","","","","","","66.95"
"166.1","2025-06-15"," 4:00:00 PM","2025-06-15"," 5:00:00 PM","CE","105200","Sell","0.01","47.69","3.80","37.40"
"166.2","2025-06-15"," 4:00:00 PM","2025-06-15"," 5:00:00 PM","PE","104800","Sell","0.01","39.51","4.63","29.75"
"167","2025-06-16"," 4:00:00 PM","2025-06-16"," 4:18:00 PM","","","","","","","8.05"
"167.1","2025-06-16"," 4:00:00 PM","2025-06-16"," 4:18:00 PM","CE","107200","Sell","0.01","79.09","14.27","55.25"
"167.2","2025-06-16"," 4:00:00 PM","2025-06-16"," 4:18:00 PM","PE","106800","Sell","0.01","36.90","92.25","-46.75"
"168","2025-06-17"," 4:00:00 PM","2025-06-17"," 4:09:00 PM","","","","","","","-17.65"
"168.1","2025-06-17"," 4:00:00 PM","2025-06-17"," 4:09:00 PM","CE","106200","Sell","0.01","112.48","46.10","56.10"
"168.2","2025-06-17"," 4:00:00 PM","2025-06-17"," 4:09:00 PM","PE","105800","Sell","0.01","58.10","145.25","-73.95"
"169","2025-06-18"," 4:00:00 PM","2025-06-18"," 4:27:00 PM","","","","","","","-93.15"
"169.1","2025-06-18"," 4:00:00 PM","2025-06-18"," 4:27:00 PM","CE","104800","Sell","0.01","36.09","4.25","27.20"
"169.2","2025-06-18"," 4:00:00 PM","2025-06-18"," 4:27:00 PM","PE","104400","Sell","0.01","94.27","235.70","-119.85"
"170","2025-06-19"," 4:00:00 PM","2025-06-19"," 4:38:00 PM","","","","","","","11.31"
"170.1","2025-06-19"," 4:00:00 PM","2025-06-19"," 4:38:00 PM","CE","105200","Sell","0.01","63.74","5.10","50.15"
"170.2","2025-06-19"," 4:00:00 PM","2025-06-19"," 4:38:00 PM","PE","104800","Sell","0.01","42.13","87.46","-38.25"
"171","2025-06-20"," 4:00:00 PM","2025-06-20"," 4:47:00 PM","","","","","","","61.13"
"171.1","2025-06-20"," 4:00:00 PM","2025-06-20"," 4:47:00 PM","CE","106200","Sell","0.01","80.45","6.45","62.90"
"171.2","2025-06-20"," 4:00:00 PM","2025-06-20"," 4:47:00 PM","PE","105800","Sell","0.01","61.72","63.80","-1.70"
"172","2025-06-21"," 4:00:00 PM","2025-06-21"," 4:18:00 PM","","","","","","","-22.51"
"172.1","2025-06-21"," 4:00:00 PM","2025-06-21"," 4:18:00 PM","CE","104200","Sell","0.01","34.62","6.82","23.80"
"172.2","2025-06-21"," 4:00:00 PM","2025-06-21"," 4:18:00 PM","PE","103800","Sell","0.01","36.17","90.45","-45.90"
"173","2025-06-22"," 4:00:00 PM","2025-06-22"," 4:42:00 PM","","","","","","","25.08"
"173.1","2025-06-22"," 4:00:00 PM","2025-06-22"," 4:42:00 PM","CE","102600","Sell","0.01","72.78","99.69","-22.95"
"173.2","2025-06-22"," 4:00:00 PM","2025-06-22"," 4:42:00 PM","PE","102200","Sell","0.01","61.31","4.90","47.60"
"174","2025-06-23"," 4:00:00 PM","2025-06-23"," 4:54:00 PM","","","","","","","84.21"
"174.1","2025-06-23"," 4:00:00 PM","2025-06-23"," 4:54:00 PM","CE","101600","Sell","0.01","80.68","6.45","62.90"
"174.2","2025-06-23"," 4:00:00 PM","2025-06-23"," 4:54:00 PM","PE","101200","Sell","0.01","105.83","80.99","21.25"
"175","2025-06-24"," 4:00:00 PM","2025-06-24"," 4:51:00 PM","","","","","","","85.23"
"175.1","2025-06-24"," 4:00:00 PM","2025-06-24"," 4:51:00 PM","CE","105400","Sell","0.01","59.59","4.75","46.75"
"175.2","2025-06-24"," 4:00:00 PM","2025-06-24"," 4:51:00 PM","PE","105000","Sell","0.01","89.20","43.77","38.25"
"176","2025-06-25"," 4:00:00 PM","2025-06-25"," 4:47:00 PM","","","","","","","22.46"
"176.1","2025-06-25"," 4:00:00 PM","2025-06-25"," 4:47:00 PM","CE","107400","Sell","0.01","48.42","3.85","38.25"
"176.2","2025-06-25"," 4:00:00 PM","2025-06-25"," 4:47:00 PM","PE","107000","Sell","0.01","85.87","104.02","-15.30"
"177","2025-06-26"," 4:00:00 PM","2025-06-26"," 4:51:00 PM","","","","","","","47.40"
"177.1","2025-06-26"," 4:00:00 PM","2025-06-26"," 4:51:00 PM","CE","107600","Sell","0.01","34.71","2.80","27.20"
"177.2","2025-06-26"," 4:00:00 PM","2025-06-26"," 4:51:00 PM","PE","107200","Sell","0.01","63.59","39.73","20.40"
"178","2025-06-27"," 4:00:00 PM","2025-06-27"," 4:49:00 PM","","","","","","","41.58"
"178.1","2025-06-27"," 4:00:00 PM","2025-06-27"," 4:49:00 PM","CE","107200","Sell","0.01","43.87","36.29","6.80"
"178.2","2025-06-27"," 4:00:00 PM","2025-06-27"," 4:49:00 PM","PE","106800","Sell","0.01","44.94","3.60","34.85"
"179","2025-06-28"," 4:00:00 PM","2025-06-28"," 5:00:00 PM","","","","","","","26.94"
"179.1","2025-06-28"," 4:00:00 PM","2025-06-28"," 5:00:00 PM","CE","107600","Sell","0.01","9.76","0.80","7.65"
"179.2","2025-06-28"," 4:00:00 PM","2025-06-28"," 5:00:00 PM","PE","107200","Sell","0.01","27.98","5.25","19.55"
"180","2025-06-29"," 4:00:00 PM","2025-06-29"," 4:16:00 PM","","","","","","","-51.51"
"180.1","2025-06-29"," 4:00:00 PM","2025-06-29"," 4:16:00 PM","CE","108400","Sell","0.01","44.76","8.53","30.60"
"180.2","2025-06-29"," 4:00:00 PM","2025-06-29"," 4:16:00 PM","PE","108000","Sell","0.01","64.57","161.40","-82.45"
"181","2025-06-30"," 4:00:00 PM","2025-06-30"," 4:47:00 PM","","","","","","","47.79"
"181.1","2025-06-30"," 4:00:00 PM","2025-06-30"," 4:47:00 PM","CE","107800","Sell","0.01","26.78","38.04","-9.35"
"181.2","2025-06-30"," 4:00:00 PM","2025-06-30"," 4:47:00 PM","PE","107400","Sell","0.01","73.33","5.85","56.95"
"182","2025-07-01"," 4:00:00 PM","2025-07-01"," 5:01:00 PM","","","","","","","52.66"
"182.1","2025-07-01"," 4:00:00 PM","2025-07-01"," 5:01:00 PM","CE","106600","Sell","0.01","52.95","13.64","33.15"
"182.2","2025-07-01"," 4:00:00 PM","2025-07-01"," 5:01:00 PM","PE","106200","Sell","0.01","24.59","1.95","19.55"
"183","2025-07-02"," 4:00:00 PM","2025-07-02"," 4:54:00 PM","","","","","","","113.20"
"183.1","2025-07-02"," 4:00:00 PM","2025-07-02"," 4:54:00 PM","CE","108000","Sell","0.01","67.19","5.40","52.70"
"183.2","2025-07-02"," 4:00:00 PM","2025-07-02"," 4:54:00 PM","PE","107600","Sell","0.01","102.56","31.17","60.35"
"184","2025-07-03"," 4:00:00 PM","2025-07-03"," 4:55:00 PM","","","","","","","98.03"
"184.1","2025-07-03"," 4:00:00 PM","2025-07-03"," 4:55:00 PM","CE","110000","Sell","0.01","66.46","5.30","51.85"
"184.2","2025-07-03"," 4:00:00 PM","2025-07-03"," 4:55:00 PM","PE","109600","Sell","0.01","98.23","44.06","45.90"
"185","2025-07-04"," 4:00:00 PM","2025-07-04"," 4:54:00 PM","","","","","","","52.38"
"185.1","2025-07-04"," 4:00:00 PM","2025-07-04"," 4:54:00 PM","CE","109200","Sell","0.01","22.13","5.09","14.45"
"185.2","2025-07-04"," 4:00:00 PM","2025-07-04"," 4:54:00 PM","PE","108800","Sell","0.01","48.43","3.85","38.25"
"186","2025-07-05"," 4:00:00 PM","2025-07-05"," 4:32:00 PM","","","","","","","18.56"
"186.1","2025-07-05"," 4:00:00 PM","2025-07-05"," 4:32:00 PM","CE","108400","Sell","0.01","12.30","1.00","9.35"
"186.2","2025-07-05"," 4:00:00 PM","2025-07-05"," 4:32:00 PM","PE","108000","Sell","0.01","28.19","17.65","9.35"
"187","2025-07-06"," 4:00:00 PM","2025-07-06"," 4:01:00 PM","","","","","","","0.00"
"187.1","2025-07-06"," 4:00:00 PM","2025-07-06"," 4:01:00 PM","CE","108200","Sell","0.01","20.43","51.10","-26.35"
"187.2","2025-07-06"," 4:00:00 PM","2025-07-06"," 4:01:00 PM","PE","107800","Sell","0.01","42.12","11.45","26.35"
"188","2025-07-07"," 4:00:00 PM","2025-07-07"," 4:50:00 PM","","","","","","","54.17"
"188.1","2025-07-07"," 4:00:00 PM","2025-07-07"," 4:50:00 PM","CE","109000","Sell","0.01","36.74","2.95","28.90"
"188.2","2025-07-07"," 4:00:00 PM","2025-07-07"," 4:50:00 PM","PE","108600","Sell","0.01","73.43","43.49","25.50"
"189","2025-07-08"," 4:00:00 PM","2025-07-08"," 4:06:00 PM","","","","","","","1.61"
"189.1","2025-07-08"," 4:00:00 PM","2025-07-08"," 4:06:00 PM","CE","108800","Sell","0.01","16.59","41.50","-21.25"
"189.2","2025-07-08"," 4:00:00 PM","2025-07-08"," 4:06:00 PM","PE","108400","Sell","0.01","37.12","10.32","22.95"
"190","2025-07-09"," 4:00:00 PM","2025-07-09"," 4:33:00 PM","","","","","","","9.72"
"190.1","2025-07-09"," 4:00:00 PM","2025-07-09"," 4:33:00 PM","CE","109000","Sell","0.01","26.04","38.78","-11.05"
"190.2","2025-07-09"," 4:00:00 PM","2025-07-09"," 4:33:00 PM","PE","108600","Sell","0.01","26.27","2.10","20.40"
"191","2025-07-10"," 4:00:00 PM","2025-07-10"," 4:50:00 PM","","","","","","","48.90"
"191.1","2025-07-10"," 4:00:00 PM","2025-07-10"," 4:50:00 PM","CE","111200","Sell","0.01","45.95","24.24","18.70"
"191.2","2025-07-10"," 4:00:00 PM","2025-07-10"," 4:50:00 PM","PE","110800","Sell","0.01","38.92","3.10","30.60"
"192","2025-07-11"," 4:00:00 PM","2025-07-11"," 4:43:00 PM","","","","","","","1.87"
"192.1","2025-07-11"," 4:00:00 PM","2025-07-11"," 4:43:00 PM","CE","118400","Sell","0.01","149.41","11.95","116.45"
"192.2","2025-07-11"," 4:00:00 PM","2025-07-11"," 4:43:00 PM","PE","118000","Sell","0.01","121.90","257.16","-114.75"
"193","2025-07-12"," 4:00:00 PM","2025-07-12"," 5:00:00 PM","","","","","","","81.53"
"193.1","2025-07-12"," 4:00:00 PM","2025-07-12"," 5:00:00 PM","CE","118200","Sell","0.01","74.84","6.00","58.65"
"193.2","2025-07-12"," 4:00:00 PM","2025-07-12"," 5:00:00 PM","PE","117800","Sell","0.01","30.65","3.57","22.95"
"194","2025-07-13"," 4:00:00 PM","2025-07-13"," 4:46:00 PM","","","","","","","12.07"
"194.1","2025-07-13"," 4:00:00 PM","2025-07-13"," 4:46:00 PM","CE","118000","Sell","0.01","24.34","31.25","-5.95"
"194.2","2025-07-13"," 4:00:00 PM","2025-07-13"," 4:46:00 PM","PE","117600","Sell","0.01","22.96","1.85","17.85"
"195","2025-07-14"," 4:00:00 PM","2025-07-14"," 4:54:00 PM","","","","","","","139.01"
"195.1","2025-07-14"," 4:00:00 PM","2025-07-14"," 4:54:00 PM","CE","122200","Sell","0.01","244.83","19.60","191.25"
"195.2","2025-07-14"," 4:00:00 PM","2025-07-14"," 4:54:00 PM","PE","121800","Sell","0.01","292.34","354.03","-52.70"
"196","2025-07-15"," 4:00:00 PM","2025-07-15"," 4:47:00 PM","","","","","","","8.82"
"196.1","2025-07-15"," 4:00:00 PM","2025-07-15"," 4:47:00 PM","CE","117200","Sell","0.01","162.85","13.05","127.50"
"196.2","2025-07-15"," 4:00:00 PM","2025-07-15"," 4:47:00 PM","PE","116800","Sell","0.01","160.90","300.32","-118.15"
"197","2025-07-16"," 4:00:00 PM","2025-07-16"," 4:09:00 PM","","","","","","","-64.68"
"197.1","2025-07-16"," 4:00:00 PM","2025-07-16"," 4:09:00 PM","CE","119400","Sell","0.01","81.48","17.63","54.40"
"197.2","2025-07-16"," 4:00:00 PM","2025-07-16"," 4:09:00 PM","PE","119000","Sell","0.01","93.30","233.25","-119.00"
"198","2025-07-17"," 4:00:00 PM","2025-07-17"," 4:34:00 PM","","","","","","","-87.16"
"198.1","2025-07-17"," 4:00:00 PM","2025-07-17"," 4:34:00 PM","CE","118800","Sell","0.01","76.75","6.15","60.35"
"198.2","2025-07-17"," 4:00:00 PM","2025-07-17"," 4:34:00 PM","PE","118400","Sell","0.01","105.37","278.51","-147.05"
"199","2025-07-18"," 4:00:00 PM","2025-07-18"," 4:22:00 PM","","","","","","","-40.83"
"199.1","2025-07-18"," 4:00:00 PM","2025-07-18"," 4:22:00 PM","CE","119000","Sell","0.01","88.52","221.30","-113.05"
"199.2","2025-07-18"," 4:00:00 PM","2025-07-18"," 4:22:00 PM","PE","118600","Sell","0.01","96.34","11.60","72.25"
"200","2025-07-19"," 4:00:00 PM","2025-07-19"," 4:37:00 PM","","","","","","","39.89"
"200.1","2025-07-19"," 4:00:00 PM","2025-07-19"," 4:37:00 PM","CE","118600","Sell","0.01","23.67","27.62","-3.40"
"200.2","2025-07-19"," 4:00:00 PM","2025-07-19"," 4:37:00 PM","PE","118200","Sell","0.01","55.28","4.40","43.35"
"201","2025-07-20"," 4:00:00 PM","2025-07-20"," 4:52:00 PM","","","","","","","35.43"
"201.1","2025-07-20"," 4:00:00 PM","2025-07-20"," 4:52:00 PM","CE","118200","Sell","0.01","23.99","1.90","18.70"
"201.2","2025-07-20"," 4:00:00 PM","2025-07-20"," 4:52:00 PM","PE","117800","Sell","0.01","36.63","17.04","17.00"
"202","2025-07-21"," 4:00:00 PM","2025-07-21"," 4:55:00 PM","","","","","","","93.96"
"202.1","2025-07-21"," 4:00:00 PM","2025-07-21"," 4:55:00 PM","CE","118800","Sell","0.01","75.29","63.39","10.20"
"202.2","2025-07-21"," 4:00:00 PM","2025-07-21"," 4:55:00 PM","PE","118400","Sell","0.01","107.24","8.60","84.15"
"203","2025-07-22"," 4:00:00 PM","2025-07-22"," 4:25:00 PM","","","","","","","-10.51"
"203.1","2025-07-22"," 4:00:00 PM","2025-07-22"," 4:25:00 PM","CE","118800","Sell","0.01","65.16","162.90","-83.30"
"203.2","2025-07-22"," 4:00:00 PM","2025-07-22"," 4:25:00 PM","PE","118400","Sell","0.01","99.15","13.78","72.25"
"204","2025-07-23"," 4:00:00 PM","2025-07-23"," 4:52:00 PM","","","","","","","58.40"
"204.1","2025-07-23"," 4:00:00 PM","2025-07-23"," 4:52:00 PM","CE","118400","Sell","0.01","96.30","93.28","2.55"
"204.2","2025-07-23"," 4:00:00 PM","2025-07-23"," 4:52:00 PM","PE","118000","Sell","0.01","71.39","5.70","56.10"
"205","2025-07-24"," 4:00:00 PM","2025-07-24"," 4:29:00 PM","","","","","","","12.33"
"205.1","2025-07-24"," 4:00:00 PM","2025-07-24"," 4:29:00 PM","CE","118400","Sell","0.01","44.52","111.30","-56.95"
"205.2","2025-07-24"," 4:00:00 PM","2025-07-24"," 4:29:00 PM","PE","118000","Sell","0.01","91.00","9.71","68.85"
"206","2025-07-25"," 4:00:00 PM","2025-07-25"," 4:39:00 PM","","","","","","","-2.61"
"206.1","2025-07-25"," 4:00:00 PM","2025-07-25"," 4:39:00 PM","CE","116400","Sell","0.01","115.64","289.10","-147.05"
"206.2","2025-07-25"," 4:00:00 PM","2025-07-25"," 4:39:00 PM","PE","116000","Sell","0.01","192.72","22.33","144.50"
"207","2025-07-26"," 4:00:00 PM","2025-07-26"," 4:04:00 PM","","","","","","","-27.23"
"207.1","2025-07-26"," 4:00:00 PM","2025-07-26"," 4:04:00 PM","CE","118000","Sell","0.01","27.54","68.85","-34.85"
"207.2","2025-07-26"," 4:00:00 PM","2025-07-26"," 4:04:00 PM","PE","117600","Sell","0.01","33.13","23.86","7.65"
"208","2025-07-27"," 4:00:00 PM","2025-07-27"," 4:57:00 PM","","","","","","","49.23"
"208.1","2025-07-27"," 4:00:00 PM","2025-07-27"," 4:57:00 PM","CE","118400","Sell","0.01","24.42","4.87","17.00"
"208.2","2025-07-27"," 4:00:00 PM","2025-07-27"," 4:57:00 PM","PE","118000","Sell","0.01","41.72","3.35","32.30"
"209","2025-07-28"," 4:00:00 PM","2025-07-28"," 4:13:00 PM","","","","","","","-79.35"
"209.1","2025-07-28"," 4:00:00 PM","2025-07-28"," 4:13:00 PM","CE","119200","Sell","0.01","54.40","9.21","38.25"
"209.2","2025-07-28"," 4:00:00 PM","2025-07-28"," 4:13:00 PM","PE","118800","Sell","0.01","92.36","230.90","-118.15"
"210","2025-07-29"," 4:00:00 PM","2025-07-29"," 4:19:00 PM","","","","","","","13.39"
"210.1","2025-07-29"," 4:00:00 PM","2025-07-29"," 4:19:00 PM","CE","118800","Sell","0.01","72.23","7.27","55.25"
"210.2","2025-07-29"," 4:00:00 PM","2025-07-29"," 4:19:00 PM","PE","118400","Sell","0.01","32.79","82.00","-41.65"
"211","2025-07-30"," 4:00:00 PM","2025-07-30"," 4:29:00 PM","","","","","","","-62.05"
"211.1","2025-07-30"," 4:00:00 PM","2025-07-30"," 4:29:00 PM","CE","118600","Sell","0.01","48.58","3.90","38.25"
"211.2","2025-07-30"," 4:00:00 PM","2025-07-30"," 4:29:00 PM","PE","118200","Sell","0.01","90.54","208.22","-100.30"
"212","2025-07-31"," 4:00:00 PM","2025-07-31"," 5:02:00 PM","","","","","","","84.79"
"212.1","2025-07-31"," 4:00:00 PM","2025-07-31"," 5:02:00 PM","CE","118600","Sell","0.01","73.88","5.90","57.80"
"212.2","2025-07-31"," 4:00:00 PM","2025-07-31"," 5:02:00 PM","PE","118200","Sell","0.01","35.62","3.85","27.20"
"213","2025-08-01"," 4:00:00 PM","2025-08-01"," 4:33:00 PM","","","","","","","-43.94"
"213.1","2025-08-01"," 4:00:00 PM","2025-08-01"," 4:33:00 PM","CE","115200","Sell","0.01","82.27","6.60","64.60"
"213.2","2025-08-01"," 4:00:00 PM","2025-08-01"," 4:33:00 PM","PE","114800","Sell","0.01","80.60","207.96","-107.95"
"214","2025-08-02"," 4:00:00 PM","2025-08-02"," 4:43:00 PM","","","","","","","34.42"
"214.1","2025-08-02"," 4:00:00 PM","2025-08-02"," 4:43:00 PM","CE","113800","Sell","0.01","66.07","5.30","51.85"
"214.2","2025-08-02"," 4:00:00 PM","2025-08-02"," 4:43:00 PM","PE","113400","Sell","0.01","41.62","61.89","-17.00"
"215","2025-08-03"," 4:00:00 PM","2025-08-03"," 4:35:00 PM","","","","","","","13.75"
"215.1","2025-08-03"," 4:00:00 PM","2025-08-03"," 4:35:00 PM","CE","114000","Sell","0.01","37.54","67.48","-25.50"
"215.2","2025-08-03"," 4:00:00 PM","2025-08-03"," 4:35:00 PM","PE","113600","Sell","0.01","50.12","4.00","39.10"
"216","2025-08-04"," 4:00:00 PM","2025-08-04"," 4:50:00 PM","","","","","","","55.53"
"216.1","2025-08-04"," 4:00:00 PM","2025-08-04"," 4:50:00 PM","CE","114600","Sell","0.01","47.26","3.80","36.55"
"216.2","2025-08-04"," 4:00:00 PM","2025-08-04"," 4:50:00 PM","PE","114200","Sell","0.01","75.49","53.62","18.70"
"217","2025-08-05"," 4:00:00 PM","2025-08-05"," 4:40:00 PM","","","","","","","-8.87"
"217.1","2025-08-05"," 4:00:00 PM","2025-08-05"," 4:40:00 PM","CE","115200","Sell","0.01","45.77","3.65","35.70"
"217.2","2025-08-05"," 4:00:00 PM","2025-08-05"," 4:40:00 PM","PE","114800","Sell","0.01","66.65","119.20","-45.05"
"218","2025-08-06"," 4:00:00 PM","2025-08-06"," 4:37:00 PM","","","","","","","22.02"
"218.1","2025-08-06"," 4:00:00 PM","2025-08-06"," 4:37:00 PM","CE","114200","Sell","0.01","33.96","51.37","-14.45"
"218.2","2025-08-06"," 4:00:00 PM","2025-08-06"," 4:37:00 PM","PE","113800","Sell","0.01","47.07","3.75","36.55"
"219","2025-08-07"," 4:00:00 PM","2025-08-07"," 4:10:00 PM","","","","","","","-89.11"
"219.1","2025-08-07"," 4:00:00 PM","2025-08-07"," 4:10:00 PM","CE","116000","Sell","0.01","103.36","258.40","-131.75"
"219.2","2025-08-07"," 4:00:00 PM","2025-08-07"," 4:10:00 PM","PE","115600","Sell","0.01","56.40","6.20","42.50"
"220","2025-08-08"," 4:00:00 PM","2025-08-08"," 4:41:00 PM","","","","","","","-21.33"
"220.1","2025-08-08"," 4:00:00 PM","2025-08-08"," 4:41:00 PM","CE","116600","Sell","0.01","95.49","209.14","-96.90"
"220.2","2025-08-08"," 4:00:00 PM","2025-08-08"," 4:41:00 PM","PE","116400","Sell","0.01","96.25","7.70","75.65"
"221","2025-08-09"," 4:00:00 PM","2025-08-09"," 4:12:00 PM","","","","","","","-50.78"
"221.1","2025-08-09"," 4:00:00 PM","2025-08-09"," 4:12:00 PM","CE","118000","Sell","0.01","82.97","19.88","53.55"
"221.2","2025-08-09"," 4:00:00 PM","2025-08-09"," 4:12:00 PM","PE","117600","Sell","0.01","81.87","204.70","-104.55"
"222","2025-08-10"," 4:00:00 PM","2025-08-10"," 4:47:00 PM","","","","","","","66.05"
"222.1","2025-08-10"," 4:00:00 PM","2025-08-10"," 4:47:00 PM","CE","118400","Sell","0.01","94.66","7.55","73.95"
"222.2","2025-08-10"," 4:00:00 PM","2025-08-10"," 4:47:00 PM","PE","118000","Sell","0.01","106.19","115.60","-7.65"
"223","2025-08-11"," 4:00:00 PM","2025-08-11"," 4:36:00 PM","","","","","","","-24.72"
"223.1","2025-08-11"," 4:00:00 PM","2025-08-11"," 4:36:00 PM","CE","121400","Sell","0.01","175.02","40.30","114.75"
"223.2","2025-08-11"," 4:00:00 PM","2025-08-11"," 4:36:00 PM","PE","121000","Sell","0.01","109.20","273.00","-139.40"
"224","2025-08-12"," 4:00:00 PM","2025-08-12"," 4:41:00 PM","","","","","","","10.94"
"224.1","2025-08-12"," 4:00:00 PM","2025-08-12"," 4:41:00 PM","CE","118800","Sell","0.01","45.67","3.65","35.70"
"224.2","2025-08-12"," 4:00:00 PM","2025-08-12"," 4:41:00 PM","PE","118400","Sell","0.01","85.97","115.12","-24.65"
"225","2025-08-13"," 4:00:00 PM","2025-08-13"," 4:37:00 PM","","","","","","","16.17"
"225.1","2025-08-13"," 4:00:00 PM","2025-08-13"," 4:37:00 PM","CE","120600","Sell","0.01","88.06","146.92","-50.15"
"225.2","2025-08-13"," 4:00:00 PM","2025-08-13"," 4:37:00 PM","PE","120200","Sell","0.01","84.63","6.75","66.30"
"226","2025-08-14"," 4:00:00 PM","2025-08-14"," 4:14:00 PM","","","","","","","-118.39"
"226.1","2025-08-14"," 4:00:00 PM","2025-08-14"," 4:14:00 PM","CE","121800","Sell","0.01","74.09","8.44","56.10"
"226.2","2025-08-14"," 4:00:00 PM","2025-08-14"," 4:14:00 PM","PE","121400","Sell","0.01","136.62","341.55","-174.25"
"227","2025-08-15"," 4:00:00 PM","2025-08-15"," 4:59:00 PM","","","","","","","83.63"
"227.1","2025-08-15"," 4:00:00 PM","2025-08-15"," 4:59:00 PM","CE","119200","Sell","0.01","53.07","10.81","35.70"
"227.2","2025-08-15"," 4:00:00 PM","2025-08-15"," 4:59:00 PM","PE","118800","Sell","0.01","61.03","4.90","47.60"
"228","2025-08-16"," 4:00:00 PM","2025-08-16"," 4:46:00 PM","","","","","","","34.61"
"228.1","2025-08-16"," 4:00:00 PM","2025-08-16"," 4:46:00 PM","CE","117600","Sell","0.01","26.80","35.98","-7.65"
"228.2","2025-08-16"," 4:00:00 PM","2025-08-16"," 4:46:00 PM","PE","117200","Sell","0.01","54.25","4.35","42.50"
"229","2025-08-17"," 4:00:00 PM","2025-08-17"," 4:29:00 PM","","","","","","","-4.43"
"229.1","2025-08-17"," 4:00:00 PM","2025-08-17"," 4:29:00 PM","CE","118400","Sell","0.01","44.34","70.78","-22.10"
"229.2","2025-08-17"," 4:00:00 PM","2025-08-17"," 4:29:00 PM","PE","118000","Sell","0.01","23.08","1.85","17.85"
"230","2025-08-18"," 4:00:00 PM","2025-08-18"," 5:03:00 PM","","","","","","","272.13"
"230.1","2025-08-18"," 4:00:00 PM","2025-08-18"," 5:03:00 PM","CE","115200","Sell","0.01","173.27","13.85","135.15"
"230.2","2025-08-18"," 4:00:00 PM","2025-08-18"," 5:03:00 PM","PE","114800","Sell","0.01","175.07","14.34","136.85"
"231","2025-08-19"," 4:00:00 PM","2025-08-19"," 4:58:00 PM","","","","","","","102.59"
"231.1","2025-08-19"," 4:00:00 PM","2025-08-19"," 4:58:00 PM","CE","115800","Sell","0.01","41.65","10.78","26.35"
"231.2","2025-08-19"," 4:00:00 PM","2025-08-19"," 4:58:00 PM","PE","115400","Sell","0.01","97.62","7.80","76.50"
"232","2025-08-20"," 4:00:00 PM","2025-08-20"," 4:21:00 PM","","","","","","","-25.24"
"232.1","2025-08-20"," 4:00:00 PM","2025-08-20"," 4:21:00 PM","CE","113800","Sell","0.01","55.51","138.80","-70.55"
"232.2","2025-08-20"," 4:00:00 PM","2025-08-20"," 4:21:00 PM","PE","113400","Sell","0.01","59.73","6.13","45.90"
"233","2025-08-21"," 4:00:00 PM","2025-08-21"," 4:59:00 PM","","","","","","","95.27"
"233.1","2025-08-21"," 4:00:00 PM","2025-08-21"," 4:59:00 PM","CE","113600","Sell","0.01","75.70","16.02","51.00"
"233.2","2025-08-21"," 4:00:00 PM","2025-08-21"," 4:59:00 PM","PE","113200","Sell","0.01","56.95","4.55","44.20"
"234","2025-08-22"," 4:00:00 PM","2025-08-22"," 4:39:00 PM","","","","","","","-18.48"
"234.1","2025-08-22"," 4:00:00 PM","2025-08-22"," 4:39:00 PM","CE","113000","Sell","0.01","46.74","3.75","36.55"
"234.2","2025-08-22"," 4:00:00 PM","2025-08-22"," 4:39:00 PM","PE","112600","Sell","0.01","91.15","155.88","-55.25"
"235","2025-08-23"," 4:00:00 PM","2025-08-23"," 4:57:00 PM","","","","","","","79.28"
"235.1","2025-08-23"," 4:00:00 PM","2025-08-23"," 4:57:00 PM","CE","115800","Sell","0.01","53.70","4.30","41.65"
"235.2","2025-08-23"," 4:00:00 PM","2025-08-23"," 4:57:00 PM","PE","115400","Sell","0.01","60.44","16.57","37.40"
"236","2025-08-24"," 4:00:00 PM","2025-08-24"," 4:25:00 PM","","","","","","","5.44"
"236.1","2025-08-24"," 4:00:00 PM","2025-08-24"," 4:25:00 PM","CE","115000","Sell","0.01","25.41","63.50","-32.30"
"236.2","2025-08-24"," 4:00:00 PM","2025-08-24"," 4:25:00 PM","PE","114600","Sell","0.01","51.84","7.35","37.40"
"237","2025-08-25"," 4:00:00 PM","2025-08-25"," 5:02:00 PM","","","","","","","133.00"
"237.1","2025-08-25"," 4:00:00 PM","2025-08-25"," 5:02:00 PM","CE","111400","Sell","0.01","137.92","11.05","107.95"
"237.2","2025-08-25"," 4:00:00 PM","2025-08-25"," 5:02:00 PM","PE","111000","Sell","0.01","119.72","90.12","25.50"
"238","2025-08-26"," 4:00:00 PM","2025-08-26"," 4:36:00 PM","","","","","","","-24.00"
"238.1","2025-08-26"," 4:00:00 PM","2025-08-26"," 4:36:00 PM","CE","110600","Sell","0.01","44.33","3.55","34.85"
"238.2","2025-08-26"," 4:00:00 PM","2025-08-26"," 4:36:00 PM","PE","110200","Sell","0.01","85.12","154.13","-58.65"
"239","2025-08-27"," 4:00:00 PM","2025-08-27"," 4:42:00 PM","","","","","","","22.44"
"239.1","2025-08-27"," 4:00:00 PM","2025-08-27"," 4:42:00 PM","CE","111200","Sell","0.01","83.36","117.86","-29.75"
"239.2","2025-08-27"," 4:00:00 PM","2025-08-27"," 4:42:00 PM","PE","110800","Sell","0.01","66.20","5.30","51.85"
"240","2025-08-28"," 4:00:00 PM","2025-08-28"," 5:01:00 PM","","","","","","","96.09"
"240.1","2025-08-28"," 4:00:00 PM","2025-08-28"," 5:01:00 PM","CE","113200","Sell","0.01","39.26","3.15","30.60"
"240.2","2025-08-28"," 4:00:00 PM","2025-08-28"," 5:01:00 PM","PE","112800","Sell","0.01","83.59","6.65","65.45"
"241","2025-08-29"," 4:00:00 PM","2025-08-29"," 5:01:00 PM","","","","","","","227.97"
"241.1","2025-08-29"," 4:00:00 PM","2025-08-29"," 5:01:00 PM","CE","110200","Sell","0.01","121.79","19.03","87.55"
"241.2","2025-08-29"," 4:00:00 PM","2025-08-29"," 5:01:00 PM","PE","109800","Sell","0.01","179.84","14.40","140.25"
"242","2025-08-30"," 4:00:00 PM","2025-08-30"," 4:15:00 PM","","","","","","","14.87"
"242.1","2025-08-30"," 4:00:00 PM","2025-08-30"," 4:15:00 PM","CE","108800","Sell","0.01","68.44","12.29","47.60"
"242.2","2025-08-30"," 4:00:00 PM","2025-08-30"," 4:15:00 PM","PE","108400","Sell","0.01","25.75","64.40","-33.15"
"243","2025-08-31"," 4:00:00 PM","2025-08-31"," 4:48:00 PM","","","","","","","46.56"
"243.1","2025-08-31"," 4:00:00 PM","2025-08-31"," 4:48:00 PM","CE","108600","Sell","0.01","51.60","4.15","39.95"
"243.2","2025-08-31"," 4:00:00 PM","2025-08-31"," 4:48:00 PM","PE","108200","Sell","0.01","31.27","23.94","5.95"
"244","2025-09-01"," 4:00:00 PM","2025-09-01"," 4:03:00 PM","","","","","","","-7.05"
"244.1","2025-09-01"," 4:00:00 PM","2025-09-01"," 4:03:00 PM","CE","109000","Sell","0.01","94.57","22.93","61.20"
"244.2","2025-09-01"," 4:00:00 PM","2025-09-01"," 4:03:00 PM","PE","108600","Sell","0.01","53.27","133.20","-68.00"
"245","2025-09-02"," 4:00:00 PM","2025-09-02"," 4:45:00 PM","","","","","","","64.17"
"245.1","2025-09-02"," 4:00:00 PM","2025-09-02"," 4:45:00 PM","CE","110400","Sell","0.01","77.72","6.20","61.20"
"245.2","2025-09-02"," 4:00:00 PM","2025-09-02"," 4:45:00 PM","PE","110000","Sell","0.01","55.88","51.91","3.40"
"246","2025-09-03"," 4:00:00 PM","2025-09-03"," 4:35:00 PM","","","","","","","-29.38"
"246.1","2025-09-03"," 4:00:00 PM","2025-09-03"," 4:35:00 PM","CE","111600","Sell","0.01","70.81","130.26","-50.15"
"246.2","2025-09-03"," 4:00:00 PM","2025-09-03"," 4:35:00 PM","PE","111200","Sell","0.01","27.03","2.15","21.25"
"247","2025-09-04"," 4:00:00 PM","2025-09-04"," 4:31:00 PM","","","","","","","26.34"
"247.1","2025-09-04"," 4:00:00 PM","2025-09-04"," 4:31:00 PM","CE","111000","Sell","0.01","87.09","6.95","68.00"
"247.2","2025-09-04"," 4:00:00 PM","2025-09-04"," 4:31:00 PM","PE","110600","Sell","0.01","48.67","97.82","-41.65"
"248","2025-09-05"," 4:00:00 PM","2025-09-05"," 4:40:00 PM","","","","","","","133.60"
"248.1","2025-09-05"," 4:00:00 PM","2025-09-05"," 4:40:00 PM","CE","112400","Sell","0.01","107.93","60.25","40.80"
"248.2","2025-09-05"," 4:00:00 PM","2025-09-05"," 4:40:00 PM","PE","112000","Sell","0.01","119.00","9.50","92.65"
"249","2025-09-06"," 4:00:00 PM","2025-09-06"," 4:55:00 PM","","","","","","","30.01"
"249.1","2025-09-06"," 4:00:00 PM","2025-09-06"," 4:55:00 PM","CE","111000","Sell","0.01","18.41","1.45","14.45"
"249.2","2025-09-06"," 4:00:00 PM","2025-09-06"," 4:55:00 PM","PE","110600","Sell","0.01","38.26","19.91","15.30"
"250","2025-09-07"," 4:00:00 PM","2025-09-07"," 4:30:00 PM","","","","","","","-20.46"
"250.1","2025-09-07"," 4:00:00 PM","2025-09-07"," 4:30:00 PM","CE","111200","Sell","0.01","47.47","96.08","-41.65"
"250.2","2025-09-07"," 4:00:00 PM","2025-09-07"," 4:30:00 PM","PE","110800","Sell","0.01","26.69","2.15","21.25"
"251","2025-09-08"," 4:00:00 PM","2025-09-08"," 4:34:00 PM","","","","","","","-4.05"
"251.1","2025-09-08"," 4:00:00 PM","2025-09-08"," 4:34:00 PM","CE","112400","Sell","0.01","48.22","3.85","37.40"
"251.2","2025-09-08"," 4:00:00 PM","2025-09-08"," 4:34:00 PM","PE","112000","Sell","0.01","73.84","122.97","-41.65"
"252","2025-09-09"," 4:00:00 PM","2025-09-09"," 4:59:00 PM","","","","","","","70.36"
"252.1","2025-09-09"," 4:00:00 PM","2025-09-09"," 4:59:00 PM","CE","112800","Sell","0.01","75.11","16.92","49.30"
"252.2","2025-09-09"," 4:00:00 PM","2025-09-09"," 4:59:00 PM","PE","112400","Sell","0.01","26.74","2.15","21.25"
"253","2025-09-10"," 4:00:00 PM","2025-09-10"," 4:52:00 PM","","","","","","","53.57"
"253.1","2025-09-10"," 4:00:00 PM","2025-09-10"," 4:52:00 PM","CE","112600","Sell","0.01","41.93","3.35","33.15"
"253.2","2025-09-10"," 4:00:00 PM","2025-09-10"," 4:52:00 PM","PE","112200","Sell","0.01","41.62","17.18","20.40"
"254","2025-09-11"," 4:00:00 PM","2025-09-11"," 4:44:00 PM","","","","","","","62.62"
"254.1","2025-09-11"," 4:00:00 PM","2025-09-11"," 4:44:00 PM","CE","114200","Sell","0.01","42.26","24.07","15.30"
"254.2","2025-09-11"," 4:00:00 PM","2025-09-11"," 4:44:00 PM","PE","113800","Sell","0.01","60.33","4.85","46.75"
"255","2025-09-12"," 4:00:00 PM","2025-09-12"," 4:51:00 PM","","","","","","","66.40"
"255.1","2025-09-12"," 4:00:00 PM","2025-09-12"," 4:51:00 PM","CE","115200","Sell","0.01","47.83","3.85","37.40"
"255.2","2025-09-12"," 4:00:00 PM","2025-09-12"," 4:51:00 PM","PE","114800","Sell","0.01","44.54","10.40","28.90"
"256","2025-09-13"," 4:00:00 PM","2025-09-13"," 4:45:00 PM","","","","","","","23.91"
"256.1","2025-09-13"," 4:00:00 PM","2025-09-13"," 4:45:00 PM","CE","116200","Sell","0.01","27.61","2.20","21.25"
"256.2","2025-09-13"," 4:00:00 PM","2025-09-13"," 4:45:00 PM","PE","115800","Sell","0.01","18.96","16.24","2.55"
"257","2025-09-14"," 4:00:00 PM","2025-09-14"," 4:34:00 PM","","","","","","","17.61"
"257.1","2025-09-14"," 4:00:00 PM","2025-09-14"," 4:34:00 PM","CE","116200","Sell","0.01","11.88","16.00","-3.40"
"257.2","2025-09-14"," 4:00:00 PM","2025-09-14"," 4:34:00 PM","PE","115800","Sell","0.01","26.99","2.15","21.25"
"258","2025-09-15"," 4:00:00 PM","2025-09-15"," 4:42:00 PM","","","","","","","68.48"
"258.1","2025-09-15"," 4:00:00 PM","2025-09-15"," 4:42:00 PM","CE","115000","Sell","0.01","55.30","33.21","18.70"
"258.2","2025-09-15"," 4:00:00 PM","2025-09-15"," 4:42:00 PM","PE","114600","Sell","0.01","63.58","5.10","49.30"
"259","2025-09-16"," 4:00:00 PM","2025-09-16"," 4:34:00 PM","","","","","","","-48.43"
"259.1","2025-09-16"," 4:00:00 PM","2025-09-16"," 4:34:00 PM","CE","115800","Sell","0.01","16.71","1.35","12.75"
"259.2","2025-09-16"," 4:00:00 PM","2025-09-16"," 4:34:00 PM","PE","115400","Sell","0.01","53.42","125.76","-61.20"
"260","2025-09-17"," 4:00:00 PM","2025-09-17"," 4:53:00 PM","","","","","","","86.84"
"260.1","2025-09-17"," 4:00:00 PM","2025-09-17"," 4:53:00 PM","CE","116600","Sell","0.01","71.43","5.70","56.10"
"260.2","2025-09-17"," 4:00:00 PM","2025-09-17"," 4:53:00 PM","PE","116200","Sell","0.01","77.76","41.32","30.60"
"261","2025-09-18"," 4:00:00 PM","2025-09-18"," 4:36:00 PM","","","","","","","47.91"
"261.1","2025-09-18"," 4:00:00 PM","2025-09-18"," 4:36:00 PM","CE","117400","Sell","0.01","26.46","28.69","-1.70"
"261.2","2025-09-18"," 4:00:00 PM","2025-09-18"," 4:36:00 PM","PE","117000","Sell","0.01","63.70","5.10","50.15"
"262","2025-09-19"," 4:00:00 PM","2025-09-19"," 4:52:00 PM","","","","","","","56.59"
"262.1","2025-09-19"," 4:00:00 PM","2025-09-19"," 4:52:00 PM","CE","116600","Sell","0.01","55.20","4.40","43.35"
"262.2","2025-09-19"," 4:00:00 PM","2025-09-19"," 4:52:00 PM","PE","116400","Sell","0.01","67.33","51.55","13.60"
"263","2025-09-20"," 4:00:00 PM","2025-09-20"," 4:47:00 PM","","","","","","","17.39"
"263.1","2025-09-20"," 4:00:00 PM","2025-09-20"," 4:47:00 PM","CE","116000","Sell","0.01","5.38","6.47","-0.85"
"263.2","2025-09-20"," 4:00:00 PM","2025-09-20"," 4:47:00 PM","PE","115600","Sell","0.01","23.45","1.90","18.70"
"264","2025-09-21"," 4:00:00 PM","2025-09-21"," 4:51:00 PM","","","","","","","29.64"
"264.1","2025-09-21"," 4:00:00 PM","2025-09-21"," 4:51:00 PM","CE","115800","Sell","0.01","23.75","3.98","17.00"
"264.2","2025-09-21"," 4:00:00 PM","2025-09-21"," 4:51:00 PM","PE","115400","Sell","0.01","16.40","1.30","12.75"
"265","2025-09-22"," 4:00:00 PM","2025-09-22"," 4:43:00 PM","","","","","","","46.27"
"265.1","2025-09-22"," 4:00:00 PM","2025-09-22"," 4:43:00 PM","CE","112800","Sell","0.01","115.99","196.58","-68.85"
"265.2","2025-09-22"," 4:00:00 PM","2025-09-22"," 4:43:00 PM","PE","112400","Sell","0.01","146.77","11.75","114.75"
"266","2025-09-23"," 4:00:00 PM","2025-09-23"," 4:39:00 PM","","","","","","","-54.49"
"266.1","2025-09-23"," 4:00:00 PM","2025-09-23"," 4:39:00 PM","CE","113200","Sell","0.01","13.98","1.10","11.05"
"266.2","2025-09-23"," 4:00:00 PM","2025-09-23"," 4:39:00 PM","PE","112800","Sell","0.01","57.51","134.50","-65.45"
"267","2025-09-24"," 4:00:00 PM","2025-09-24"," 4:23:00 PM","","","","","","","-40.40"
"267.1","2025-09-24"," 4:00:00 PM","2025-09-24"," 4:23:00 PM","CE","112800","Sell","0.01","46.73","116.80","-59.50"
"267.2","2025-09-24"," 4:00:00 PM","2025-09-24"," 4:23:00 PM","PE","112400","Sell","0.01","24.81","2.27","19.55"
"268","2025-09-25"," 4:00:00 PM","2025-09-25"," 4:40:00 PM","","","","","","","11.29"
"268.1","2025-09-25"," 4:00:00 PM","2025-09-25"," 4:40:00 PM","CE","112000","Sell","0.01","73.62","5.90","57.80"
"268.2","2025-09-25"," 4:00:00 PM","2025-09-25"," 4:40:00 PM","PE","111600","Sell","0.01","102.53","156.97","-45.90"
"269","2025-09-26"," 4:00:00 PM","2025-09-26"," 4:03:00 PM","","","","","","","-1.87"
"269.1","2025-09-26"," 4:00:00 PM","2025-09-26"," 4:03:00 PM","CE","109200","Sell","0.01","85.61","28.88","48.45"
"269.2","2025-09-26"," 4:00:00 PM","2025-09-26"," 4:03:00 PM","PE","108800","Sell","0.01","39.27","98.20","-50.15"
"270","2025-09-27"," 4:00:00 PM","2025-09-27"," 4:07:00 PM","","","","","","","-47.30"
"270.1","2025-09-27"," 4:00:00 PM","2025-09-27"," 4:07:00 PM","CE","109400","Sell","0.01","45.21","113.00","-57.80"
"270.2","2025-09-27"," 4:00:00 PM","2025-09-27"," 4:07:00 PM","PE","109000","Sell","0.01","19.01","6.87","10.20"
"271","2025-09-28"," 4:00:00 PM","2025-09-28"," 4:45:00 PM","","","","","","","16.15"
"271.1","2025-09-28"," 4:00:00 PM","2025-09-28"," 4:45:00 PM","CE","109600","Sell","0.01","18.38","1.45","14.45"
"271.2","2025-09-28"," 4:00:00 PM","2025-09-28"," 4:45:00 PM","PE","109200","Sell","0.01","10.38","8.31","1.70"
"272","2025-09-29"," 4:00:00 PM","2025-09-29"," 4:07:00 PM","","","","","","","-2.01"
"272.1","2025-09-29"," 4:00:00 PM","2025-09-29"," 4:07:00 PM","CE","112400","Sell","0.01","34.84","7.50","22.95"
"272.2","2025-09-29"," 4:00:00 PM","2025-09-29"," 4:07:00 PM","PE","112000","Sell","0.01","19.80","49.50","-25.50"
"273","2025-09-30"," 4:00:00 PM","2025-09-30"," 4:25:00 PM","","","","","","","-4.84"
"273.1","2025-09-30"," 4:00:00 PM","2025-09-30"," 4:25:00 PM","CE","113000","Sell","0.01","68.32","126.32","-49.30"
"273.2","2025-09-30"," 4:00:00 PM","2025-09-30"," 4:25:00 PM","PE","112600","Sell","0.01","56.86","4.55","44.20"
"274","2025-10-01"," 4:00:00 PM","2025-10-01"," 4:46:00 PM","","","","","","","71.22"
"274.1","2025-10-01"," 4:00:00 PM","2025-10-01"," 4:46:00 PM","CE","116400","Sell","0.01","103.22","101.26","1.70"
"274.2","2025-10-01"," 4:00:00 PM","2025-10-01"," 4:46:00 PM","PE","116000","Sell","0.01","88.93","7.10","69.70"
"275","2025-10-02"," 4:00:00 PM","2025-10-02"," 4:48:00 PM","","","","","","","81.35"
"275.1","2025-10-02"," 4:00:00 PM","2025-10-02"," 4:48:00 PM","CE","118800","Sell","0.01","61.57","4.95","48.45"
"275.2","2025-10-02"," 4:00:00 PM","2025-10-02"," 4:48:00 PM","PE","118400","Sell","0.01","50.39","11.30","33.15"
"276","2025-10-03"," 4:00:00 PM","2025-10-03"," 4:41:00 PM","","","","","","","54.86"
"276.1","2025-10-03"," 4:00:00 PM","2025-10-03"," 4:41:00 PM","CE","120600","Sell","0.01","64.44","5.15","50.15"
"276.2","2025-10-03"," 4:00:00 PM","2025-10-03"," 4:41:00 PM","PE","120200","Sell","0.01","28.46","23.21","4.25"
"277","2025-10-04"," 4:00:00 PM","2025-10-04"," 4:23:00 PM","","","","","","","-42.20"
"277.1","2025-10-04"," 4:00:00 PM","2025-10-04"," 4:23:00 PM","CE","122600","Sell","0.01","7.53","3.42","3.40"
"277.2","2025-10-04"," 4:00:00 PM","2025-10-04"," 4:23:00 PM","PE","122200","Sell","0.01","35.84","89.60","-45.90"
"278","2025-10-05"," 4:00:00 PM","2025-10-05"," 4:05:00 PM","","","","","","","-34.57"
"278.1","2025-10-05"," 4:00:00 PM","2025-10-05"," 4:05:00 PM","CE","123200","Sell","0.01","106.87","31.53","63.75"
"278.2","2025-10-05"," 4:00:00 PM","2025-10-05"," 4:05:00 PM","PE","122800","Sell","0.01","77.34","193.35","-98.60"
"279","2025-10-06"," 4:00:00 PM","2025-10-06"," 4:43:00 PM","","","","","","","90.85"
"279.1","2025-10-06"," 4:00:00 PM","2025-10-06"," 4:43:00 PM","CE","124200","Sell","0.01","136.44","10.90","107.10"
"279.2","2025-10-06"," 4:00:00 PM","2025-10-06"," 4:43:00 PM","PE","123800","Sell","0.01","65.52","84.18","-16.15"
"280","2025-10-07"," 4:00:00 PM","2025-10-07"," 4:52:00 PM","","","","","","","70.07"
"280.1","2025-10-07"," 4:00:00 PM","2025-10-07"," 4:52:00 PM","CE","124400","Sell","0.01","89.41","48.11","34.85"
"280.2","2025-10-07"," 4:00:00 PM","2025-10-07"," 4:52:00 PM","PE","124000","Sell","0.01","44.68","3.55","34.85"
"281","2025-10-08"," 4:00:00 PM","2025-10-08"," 4:06:00 PM","","","","","","","-60.07"
"281.1","2025-10-08"," 4:00:00 PM","2025-10-08"," 4:06:00 PM","CE","122800","Sell","0.01","91.06","227.65","-116.45"
"281.2","2025-10-08"," 4:00:00 PM","2025-10-08"," 4:06:00 PM","PE","122400","Sell","0.01","79.41","13.49","56.10"
"282","2025-10-09"," 4:00:00 PM","2025-10-09"," 4:04:00 PM","","","","","","","0.81"
"282.1","2025-10-09"," 4:00:00 PM","2025-10-09"," 4:04:00 PM","CE","122000","Sell","0.01","50.33","125.80","-63.75"
"282.2","2025-10-09"," 4:00:00 PM","2025-10-09"," 4:04:00 PM","PE","121600","Sell","0.01","101.69","25.27","64.60"
"283","2025-10-10"," 4:00:00 PM","2025-10-10"," 4:34:00 PM","","","","","","","-5.47"
"283.1","2025-10-10"," 4:00:00 PM","2025-10-10"," 4:34:00 PM","CE","121500","Sell","0.01","77.63","170.98","-79.05"
"283.2","2025-10-10"," 4:00:00 PM","2025-10-10"," 4:34:00 PM","PE","121200","Sell","0.01","94.46","7.55","73.95"
"284","2025-10-11"," 4:00:00 PM","2025-10-11"," 4:48:00 PM","","","","","","","88.43"
"284.1","2025-10-11"," 4:00:00 PM","2025-10-11"," 4:48:00 PM","CE","112400","Sell","0.01","220.27","17.60","172.55"
"284.2","2025-10-11"," 4:00:00 PM","2025-10-11"," 4:48:00 PM","PE","112000","Sell","0.01","226.07","324.70","-84.15"
"285","2025-10-12"," 4:00:00 PM","2025-10-12"," 4:40:00 PM","","","","","","","24.82"
"285.1","2025-10-12"," 4:00:00 PM","2025-10-12"," 4:40:00 PM","CE","111800","Sell","0.01","70.36","103.64","-28.05"
"285.2","2025-10-12"," 4:00:00 PM","2025-10-12"," 4:40:00 PM","PE","111400","Sell","0.01","67.93","5.45","52.70"
"286","2025-10-13"," 4:00:00 PM","2025-10-13"," 4:33:00 PM","","","","","","","-17.00"
"286.1","2025-10-13"," 4:00:00 PM","2025-10-13"," 4:33:00 PM","CE","115000","Sell","0.01","152.42","40.97","94.35"
"286.2","2025-10-13"," 4:00:00 PM","2025-10-13"," 4:33:00 PM","PE","114600","Sell","0.01","87.65","219.10","-111.35"
"287","2025-10-14"," 4:00:00 PM","2025-10-14"," 4:38:00 PM","","","","","","","2.86"
"287.1","2025-10-14"," 4:00:00 PM","2025-10-14"," 4:38:00 PM","CE","110600","Sell","0.01","237.96","478.56","-204.85"
"287.2","2025-10-14"," 4:00:00 PM","2025-10-14"," 4:38:00 PM","PE","110200","Sell","0.01","265.16","21.20","207.40"
"288","2025-10-15"," 4:00:00 PM","2025-10-15"," 4:48:00 PM","","","","","","","-68.08"
"288.1","2025-10-15"," 4:00:00 PM","2025-10-15"," 4:48:00 PM","CE","112600","Sell","0.01","112.11","8.95","87.55"
"288.2","2025-10-15"," 4:00:00 PM","2025-10-15"," 4:48:00 PM","PE","112200","Sell","0.01","123.32","306.58","-155.55"
"289","2025-10-16"," 4:00:00 PM","2025-10-16"," 4:56:00 PM","","","","","","","109.39"
"289.1","2025-10-16"," 4:00:00 PM","2025-10-16"," 4:56:00 PM","CE","111600","Sell","0.01","91.14","7.30","71.40"
"289.2","2025-10-16"," 4:00:00 PM","2025-10-16"," 4:56:00 PM","PE","111200","Sell","0.01","115.38","70.52","38.25"
"290","2025-10-17"," 4:00:00 PM","2025-10-17"," 4:25:00 PM","","","","","","","-166.57"
"290.1","2025-10-17"," 4:00:00 PM","2025-10-17"," 4:25:00 PM","CE","104200","Sell","0.01","305.10","762.75","-389.30"
"290.2","2025-10-17"," 4:00:00 PM","2025-10-17"," 4:25:00 PM","PE","103800","Sell","0.01","295.63","33.94","222.70"
"291","2025-10-18"," 4:00:00 PM","2025-10-18"," 5:02:00 PM","","","","","","","46.07"
"291.1","2025-10-18"," 4:00:00 PM","2025-10-18"," 5:02:00 PM","CE","107200","Sell","0.01","40.40","3.25","31.45"
"291.2","2025-10-18"," 4:00:00 PM","2025-10-18"," 5:02:00 PM","PE","106800","Sell","0.01","50.90","33.85","14.45"
"292","2025-10-19"," 4:00:00 PM","2025-10-19"," 4:32:00 PM","","","","","","","61.37"
"292.1","2025-10-19"," 4:00:00 PM","2025-10-19"," 4:32:00 PM","CE","108000","Sell","0.01","105.41","105.48","0.00"
"292.2","2025-10-19"," 4:00:00 PM","2025-10-19"," 4:32:00 PM","PE","107600","Sell","0.01","78.57","6.30","61.20"
"293","2025-10-20"," 4:00:00 PM","2025-10-20"," 4:44:00 PM","","","","","","","34.69"
"293.1","2025-10-20"," 4:00:00 PM","2025-10-20"," 4:44:00 PM","CE","111200","Sell","0.01","140.99","11.30","110.50"
"293.2","2025-10-20"," 4:00:00 PM","2025-10-20"," 4:44:00 PM","PE","110800","Sell","0.01","115.70","204.58","-75.65"
"294","2025-10-21"," 4:00:00 PM","2025-10-21"," 4:17:00 PM","","","","","","","-104.86"
"294.1","2025-10-21"," 4:00:00 PM","2025-10-21"," 4:17:00 PM","CE","107800","Sell","0.01","166.10","415.25","-211.65"
"294.2","2025-10-21"," 4:00:00 PM","2025-10-21"," 4:17:00 PM","PE","107400","Sell","0.01","142.16","16.37","107.10"
"295","2025-10-22"," 4:00:00 PM","2025-10-22"," 4:34:00 PM","","","","","","","-474.27"
"295.1","2025-10-22"," 4:00:00 PM","2025-10-22"," 4:34:00 PM","CE","108200","Sell","0.01","130.38","10.45","102.00"
"295.2","2025-10-22"," 4:00:00 PM","2025-10-22"," 4:34:00 PM","PE","107800","Sell","0.01","179.03","856.93","-576.30"
"296","2025-10-23"," 4:00:00 PM","2025-10-23"," 4:47:00 PM","","","","","","","63.83"
"296.1","2025-10-23"," 4:00:00 PM","2025-10-23"," 4:47:00 PM","CE","109800","Sell","0.01","80.37","6.45","62.90"
"296.2","2025-10-23"," 4:00:00 PM","2025-10-23"," 4:47:00 PM","PE","109400","Sell","0.01","121.52","120.35","0.85"
"297","2025-10-24"," 4:00:00 PM","2025-10-24"," 4:49:00 PM","","","","","","","44.43"
"297.1","2025-10-24"," 4:00:00 PM","2025-10-24"," 4:49:00 PM","CE","111200","Sell","0.01","132.03","150.65","-16.15"
"297.2","2025-10-24"," 4:00:00 PM","2025-10-24"," 4:49:00 PM","PE","110800","Sell","0.01","77.04","6.15","60.35"